Date Time,temperature
2009-01-01,-6.81062937062937
2009-01-02,-3.7281944444444455
2009-01-03,-5.27173611111111
2009-01-04,-1.3752083333333327
2009-01-05,-4.867152777777779
2009-01-06,-15.482847222222226
2009-01-07,-15.734374999999996
2009-01-08,-9.609166666666663
2009-01-09,-12.301458333333336
2009-01-10,-10.728263888888897
2009-01-11,-8.681666666666665
2009-01-12,-5.384861111111111
2009-01-13,-1.6781944444444437
2009-01-14,-4.68777777777778
2009-01-15,-0.060972222222222316
2009-01-16,-2.8157638888888896
2009-01-17,0.03965277777777801
2009-01-18,2.5628472222222225
2009-01-19,2.524791666666666
2009-01-20,3.183541666666665
2009-01-21,-1.5480555555555557
2009-01-22,-1.125694444444445
2009-01-23,1.460416666666667
2009-01-24,2.5803472222222235
2009-01-25,0.9847222222222233
2009-01-26,-3.284722222222223
2009-01-27,-1.3442361111111105
2009-01-28,-2.4938194444444446
2009-01-29,-2.371041666666667
2009-01-30,-2.396041666666667
2009-01-31,-2.0016666666666665
2009-02-01,-3.36048611111111
2009-02-02,-0.7297222222222219
2009-02-03,-0.04368055555555573
2009-02-04,-1.016527777777777
2009-02-05,1.839513888888888
2009-02-06,2.575763888888889
2009-02-07,1.4011805555555554
2009-02-08,1.1025
2009-02-09,-0.2054166666666667
2009-02-10,2.501736111111112
2009-02-11,0.27479166666666655
2009-02-12,-1.4327083333333333
2009-02-13,-1.3451388888888878
2009-02-14,-3.61972222222222
2009-02-15,-4.306388888888886
2009-02-16,0.18201388888888895
2009-02-17,-2.4142361111111112
2009-02-18,-4.156041666666667
2009-02-19,-4.658125000000001
2009-02-20,0.24298611111111093
2009-02-21,1.07875
2009-02-22,1.9157638888888897
2009-02-23,2.443125
2009-02-24,-0.3482638888888887
2009-02-25,1.443680555555555
2009-02-26,3.973402777777776
2009-02-27,4.852569444444446
2009-02-28,6.567291666666667
2009-03-01,5.435694444444445
2009-03-02,5.433819444444445
2009-03-03,3.935416666666667
2009-03-04,4.606111111111111
2009-03-05,2.2165277777777774
2009-03-06,3.949513888888889
2009-03-07,1.7006249999999996
2009-03-08,2.807638888888889
2009-03-09,3.841041666666667
2009-03-10,3.628055555555555
2009-03-11,2.9263194444444443
2009-03-12,2.976111111111112
2009-03-13,6.5476388888888915
2009-03-14,5.266458333333334
2009-03-15,6.188402777777776
2009-03-16,6.146388888888889
2009-03-17,6.388055555555557
2009-03-18,3.901944444444444
2009-03-19,2.7075694444444456
2009-03-20,0.09548611111111106
2009-03-21,1.73236111111111
2009-03-22,3.869652777777778
2009-03-23,5.707916666666668
2009-03-24,1.254930555555556
2009-03-25,-0.2568055555555555
2009-03-26,4.225069444444443
2009-03-27,5.914722222222222
2009-03-28,5.385138888888891
2009-03-29,5.857986111111113
2009-03-30,4.6177777777777775
2009-03-31,4.680694444444444
2009-04-01,7.28388888888889
2009-04-02,10.62583333333334
2009-04-03,12.841944444444444
2009-04-04,13.436041666666664
2009-04-05,11.01284722222222
2009-04-06,11.967916666666667
2009-04-07,12.812430555555558
2009-04-08,12.856944444444432
2009-04-09,12.50555555555556
2009-04-10,14.262152777777779
2009-04-11,15.262499999999992
2009-04-12,14.096875000000002
2009-04-13,12.790763888888895
2009-04-14,13.651736111111111
2009-04-15,14.942986111111104
2009-04-16,14.75409722222223
2009-04-17,8.090833333333332
2009-04-18,7.445486111111113
2009-04-19,10.528402777777782
2009-04-20,10.854791666666664
2009-04-21,11.108819444444448
2009-04-22,8.520277777777778
2009-04-23,6.383958333333331
2009-04-24,9.89972222222222
2009-04-25,14.380763888888888
2009-04-26,13.907291666666666
2009-04-27,15.685555555555558
2009-04-28,13.117638888888889
2009-04-29,9.35958333333334
2009-04-30,12.305069444444445
2009-05-01,12.690069444444445
2009-05-02,12.87756944444444
2009-05-03,13.190000000000005
2009-05-04,8.107569444444447
2009-05-05,6.822847222222221
2009-05-06,10.533333333333337
2009-05-07,14.193541666666668
2009-05-08,13.23180555555556
2009-05-09,13.124305555555555
2009-05-10,13.907361111111118
2009-05-11,10.49020833333333
2009-05-12,10.844861111111115
2009-05-13,11.822569444444445
2009-05-14,12.2475
2009-05-15,14.563819444444444
2009-05-16,13.085624999999995
2009-05-17,15.731458333333332
2009-05-18,15.549861111111104
2009-05-19,15.382916666666668
2009-05-20,16.889791666666664
2009-05-21,16.80625
2009-05-22,13.374305555555559
2009-05-23,13.40673611111111
2009-05-24,18.65694444444445
2009-05-25,18.5725
2009-05-26,19.945
2009-05-27,12.920763888888889
2009-05-28,11.966111111111111
2009-05-29,11.269305555555551
2009-05-30,10.67791666666667
2009-05-31,13.568194444444442
2009-06-01,15.201597222222226
2009-06-02,17.500208333333333
2009-06-03,10.939305555555562
2009-06-04,9.306527777777779
2009-06-05,9.310694444444445
2009-06-06,8.150763888888884
2009-06-07,12.039583333333333
2009-06-08,14.514861111111117
2009-06-09,14.812569444444446
2009-06-10,14.468541666666662
2009-06-11,13.322291666666665
2009-06-12,11.077152777777776
2009-06-13,13.369374999999998
2009-06-14,16.099999999999998
2009-06-15,16.252847222222226
2009-06-16,12.862013888888885
2009-06-17,14.352569444444445
2009-06-18,17.284513888888892
2009-06-19,15.913888888888883
2009-06-20,13.451388888888888
2009-06-21,11.793541666666671
2009-06-22,11.737569444444434
2009-06-23,13.875694444444441
2009-06-24,16.120208333333334
2009-06-25,14.474097222222222
2009-06-26,17.370069444444454
2009-06-27,16.324097222222232
2009-06-28,17.346874999999997
2009-06-29,18.016944444444444
2009-06-30,20.16305555555555
2009-07-01,20.121875000000003
2009-07-02,21.100694444444446
2009-07-03,21.859444444444435
2009-07-04,21.29236111111111
2009-07-05,20.610416666666666
2009-07-06,17.570486111111112
2009-07-07,15.978958333333331
2009-07-08,14.749513888888892
2009-07-09,14.63659722222222
2009-07-10,12.70777777777778
2009-07-11,12.45416666666667
2009-07-12,16.04715277777778
2009-07-13,20.174722222222226
2009-07-14,19.89131944444445
2009-07-15,20.359305555555558
2009-07-16,20.844722222222217
2009-07-17,19.871944444444445
2009-07-18,15.099791666666667
2009-07-19,14.93791666666666
2009-07-20,15.336180555555554
2009-07-21,18.570694444444445
2009-07-22,21.63423611111112
2009-07-23,20.63381944444444
2009-07-24,16.73159722222223
2009-07-25,15.104305555555548
2009-07-26,16.66048611111111
2009-07-27,20.307361111111117
2009-07-28,18.87430555555556
2009-07-29,19.251111111111115
2009-07-30,18.68965277777777
2009-07-31,15.69076388888889
2009-08-01,18.864791666666665
2009-08-02,20.09416666666666
2009-08-03,17.196875000000016
2009-08-04,17.259097222222223
2009-08-05,18.062291666666667
2009-08-06,19.81604166666667
2009-08-07,21.350069444444454
2009-08-08,21.142013888888883
2009-08-09,19.97076388888889
2009-08-10,18.686666666666667
2009-08-11,18.151458333333338
2009-08-12,17.936874999999986
2009-08-13,17.161805555555553
2009-08-14,15.985555555555553
2009-08-15,19.0475
2009-08-16,21.997430555555546
2009-08-17,21.658958333333327
2009-08-18,18.67597222222222
2009-08-19,20.176597222222235
2009-08-20,25.30284722222222
2009-08-21,19.55993055555555
2009-08-22,15.945416666666668
2009-08-23,16.141527777777778
2009-08-24,19.28527777777778
2009-08-25,20.497638888888886
2009-08-26,19.37423611111111
2009-08-27,20.37111111111111
2009-08-28,20.013194444444444
2009-08-29,15.186041666666673
2009-08-30,13.71180555555556
2009-08-31,16.808611111111105
2009-09-01,21.289722222222217
2009-09-02,19.001388888888883
2009-09-03,16.202916666666667
2009-09-04,14.0325
2009-09-05,12.399652777777781
2009-09-06,12.459236111111109
2009-09-07,14.613749999999998
2009-09-08,16.745624999999997
2009-09-09,17.5
2009-09-10,15.012847222222225
2009-09-11,15.170902777777785
2009-09-12,13.812847222222228
2009-09-13,11.097638888888888
2009-09-14,10.908194444444444
2009-09-15,13.947499999999998
2009-09-16,14.738888888888889
2009-09-17,13.910486111111116
2009-09-18,14.355069444444442
2009-09-19,15.05173611111111
2009-09-20,16.46666666666666
2009-09-21,15.037361111111109
2009-09-22,16.056874999999998
2009-09-23,15.671736111111109
2009-09-24,13.317499999999994
2009-09-25,10.89597222222222
2009-09-26,10.790486111111115
2009-09-27,11.474027777777774
2009-09-28,11.933958333333331
2009-09-29,14.043333333333337
2009-09-30,10.81472222222222
2009-10-01,11.93784722222222
2009-10-02,8.827152777777778
2009-10-03,10.735555555555559
2009-10-04,11.762222222222228
2009-10-05,10.357638888888888
2009-10-06,14.646597222222223
2009-10-07,18.605763888888887
2009-10-08,15.332394366197185
2009-10-09,8.024791666666669
2009-10-10,10.10645833333333
2009-10-11,10.52534722222223
2009-10-12,6.733124999999997
2009-10-13,4.617083333333334
2009-10-14,2.3840972222222225
2009-10-15,1.2434027777777776
2009-10-16,3.9195833333333336
2009-10-17,3.9593055555555563
2009-10-18,3.9187500000000006
2009-10-19,2.8870138888888888
2009-10-20,1.3233333333333333
2009-10-21,2.522222222222224
2009-10-22,2.5779166666666673
2009-10-23,6.439791666666668
2009-10-24,7.475416666666664
2009-10-25,9.27152777777778
2009-10-26,8.065625000000002
2009-10-27,10.446666666666665
2009-10-28,9.549791666666666
2009-10-29,8.715277777777784
2009-10-30,6.229583333333332
2009-10-31,1.454027777777778
2009-11-01,3.2109027777777785
2009-11-02,6.373680555555559
2009-11-03,5.77701388888889
2009-11-04,5.354652777777781
2009-11-05,6.101249999999997
2009-11-06,6.322291666666668
2009-11-07,4.51048611111111
2009-11-08,4.141736111111111
2009-11-09,3.5526388888888896
2009-11-10,4.204930555555556
2009-11-11,5.290555555555558
2009-11-12,4.559027777777775
2009-11-13,8.440138888888889
2009-11-14,10.077569444444443
2009-11-15,9.69951388888889
2009-11-16,7.3265277777777795
2009-11-17,9.412986111111106
2009-11-18,8.269583333333333
2009-11-19,9.205763888888892
2009-11-20,8.081249999999995
2009-11-21,9.078263888888891
2009-11-22,10.616458333333336
2009-11-23,9.036111111111104
2009-11-24,9.579027777777775
2009-11-25,10.92951388888889
2009-11-26,8.046180555555555
2009-11-27,7.162152777777775
2009-11-28,6.894374999999998
2009-11-29,8.692708333333332
2009-11-30,5.038819444444448
2009-12-01,3.6824305555555523
2009-12-02,0.9474305555555556
2009-12-03,3.923402777777777
2009-12-04,2.8171527777777774
2009-12-05,0.9170833333333331
2009-12-06,6.259722222222219
2009-12-07,5.101180555555556
2009-12-08,5.644375000000001
2009-12-09,4.598125
2009-12-10,4.0062500000000005
2009-12-11,1.4195833333333336
2009-12-12,-0.03701388888888889
2009-12-13,-2.9225694444444437
2009-12-14,-3.6711111111111103
2009-12-15,-2.451250000000004
2009-12-16,-3.8531944444444455
2009-12-17,-6.976875000000003
2009-12-18,-10.736250000000004
2009-12-19,-15.984930555555557
2009-12-20,-12.193194444444448
2009-12-21,-3.2488888888888905
2009-12-22,3.191319444444444
2009-12-23,-0.07305555555555565
2009-12-24,-0.2680555555555555
2009-12-25,3.690416666666668
2009-12-26,2.00298611111111
2009-12-27,-0.5450694444444443
2009-12-28,2.011944444444443
2009-12-29,-2.2118749999999983
2009-12-30,1.119930555555555
2009-12-31,-1.2822916666666668
2010-01-01,-3.8192361111111137
2010-01-02,-5.110555555555553
2010-01-03,-4.702222222222222
2010-01-04,-6.132569444444445
2010-01-05,-10.26340277777778
2010-01-06,-9.028194444444447
2010-01-07,-8.348263888888889
2010-01-08,-9.687083333333335
2010-01-09,-5.315208333333331
2010-01-10,-5.1774305555555555
2010-01-11,-6.733888888888895
2010-01-12,-6.860902777777781
2010-01-13,-9.431736111111114
2010-01-14,-2.341527777777779
2010-01-15,-2.1034722222222215
2010-01-16,-2.7097916666666677
2010-01-17,-0.041319444444444194
2010-01-18,2.249513888888888
2010-01-19,0.7620833333333332
2010-01-20,-0.22277777777777782
2010-01-21,-6.013402777777777
2010-01-22,-6.487013888888892
2010-01-23,-5.82847222222222
2010-01-24,-5.601180555555554
2010-01-25,-5.5861111111111095
2010-01-26,-11.842916666666671
2010-01-27,-11.237708333333332
2010-01-28,-0.5391666666666663
2010-01-29,0.028611111111111278
2010-01-30,-2.180763888888889
2010-01-31,-4.670763888888889
2010-02-01,-2.276249999999999
2010-02-02,-1.8699305555555559
2010-02-03,0.5686111111111108
2010-02-04,0.26923611111111145
2010-02-05,-0.6791666666666664
2010-02-06,-0.03159722222222235
2010-02-07,-4.963750000000002
2010-02-08,-7.049444444444444
2010-02-09,-6.8493749999999975
2010-02-10,-6.703958333333333
2010-02-11,-6.440972222222224
2010-02-12,-3.690347222222221
2010-02-13,-4.790625
2010-02-14,-4.796041666666667
2010-02-15,-4.657777777777781
2010-02-16,-5.632638888888888
2010-02-17,-5.175902777777781
2010-02-18,1.672708333333334
2010-02-19,1.4715277777777773
2010-02-20,0.8743055555555561
2010-02-21,-0.27694444444444455
2010-02-22,2.457986111111111
2010-02-23,3.830625000000004
2010-02-24,2.8752777777777783
2010-02-25,5.845416666666668
2010-02-26,6.734444444444444
2010-02-27,4.960277777777776
2010-02-28,7.890347222222222
2010-03-01,4.16868055555555
2010-03-02,1.7577083333333343
2010-03-03,1.2244444444444444
2010-03-04,-2.0962500000000013
2010-03-05,-3.3188194444444443
2010-03-06,-3.9620833333333323
2010-03-07,-4.605069444444449
2010-03-08,-3.963263888888889
2010-03-09,-5.61215277777778
2010-03-10,-2.8002777777777776
2010-03-11,-3.6948611111111114
2010-03-12,0.45361111111111097
2010-03-13,2.430416666666667
2010-03-14,3.587777777777777
2010-03-15,1.5831249999999997
2010-03-16,2.523958333333334
2010-03-17,5.76256944444444
2010-03-18,7.292499999999998
2010-03-19,10.054791666666667
2010-03-20,11.704166666666664
2010-03-21,11.052777777777774
2010-03-22,7.843958333333335
2010-03-23,7.815138888888886
2010-03-24,9.440069444444447
2010-03-25,13.035555555555552
2010-03-26,12.1675
2010-03-27,7.553333333333334
2010-03-28,7.707152777777771
2010-03-29,8.790624999999999
2010-03-30,11.835347222222223
2010-03-31,7.196458333333335
2010-04-01,5.149166666666669
2010-04-02,4.511597222222219
2010-04-03,6.469375000000001
2010-04-04,8.47166666666667
2010-04-05,6.703819444444445
2010-04-06,7.878611111111109
2010-04-07,10.287847222222219
2010-04-08,10.953333333333333
2010-04-09,9.014305555555556
2010-04-10,5.893263888888888
2010-04-11,3.3113888888888887
2010-04-12,4.971041666666668
2010-04-13,8.06305555555556
2010-04-14,5.843819444444446
2010-04-15,4.573749999999995
2010-04-16,5.930486111111112
2010-04-17,7.110069444444445
2010-04-18,10.029097222222227
2010-04-19,9.16708333333333
2010-04-20,10.78902777777778
2010-04-21,5.191319444444443
2010-04-22,5.428472222222222
2010-04-23,7.1584722222222235
2010-04-24,10.385208333333331
2010-04-25,13.80770833333333
2010-04-26,12.098749999999999
2010-04-27,12.125625000000005
2010-04-28,12.295277777777779
2010-04-29,16.264027777777773
2010-04-30,16.897847222222218
2010-05-01,12.571875
2010-05-02,10.15298611111111
2010-05-03,10.737152777777776
2010-05-04,7.724583333333334
2010-05-05,6.508611111111112
2010-05-06,5.301874999999998
2010-05-07,6.52826388888889
2010-05-08,9.421736111111112
2010-05-09,10.063472222222229
2010-05-10,8.315833333333337
2010-05-11,8.674097222222223
2010-05-12,10.53194444444444
2010-05-13,7.5614583333333325
2010-05-14,6.844930555555559
2010-05-15,5.676944444444447
2010-05-16,9.668611111111112
2010-05-17,10.386944444444438
2010-05-18,9.252222222222224
2010-05-19,7.247847222222223
2010-05-20,9.747152777777778
2010-05-21,13.202916666666662
2010-05-22,13.694374999999994
2010-05-23,16.733541666666664
2010-05-24,16.534375
2010-05-25,14.097222222222218
2010-05-26,10.879583333333334
2010-05-27,12.005902777777782
2010-05-28,12.901527777777785
2010-05-29,13.701805555555554
2010-05-30,13.089444444444439
2010-05-31,9.135625000000005
2010-06-01,9.696666666666665
2010-06-02,10.762847222222218
2010-06-03,15.630000000000008
2010-06-04,15.74180555555556
2010-06-05,18.142152777777785
2010-06-06,20.894861111111112
2010-06-07,18.391527777777775
2010-06-08,19.18451388888889
2010-06-09,22.765833333333333
2010-06-10,23.381527777777777
2010-06-11,21.40152777777777
2010-06-12,16.526944444444432
2010-06-13,13.772361111111111
2010-06-14,13.766805555555559
2010-06-15,14.702638888888892
2010-06-16,14.369652777777778
2010-06-17,16.42826388888889
2010-06-18,16.227083333333336
2010-06-19,11.686736111111111
2010-06-20,12.194166666666664
2010-06-21,11.77111111111111
2010-06-22,13.499305555555567
2010-06-23,15.645208333333336
2010-06-24,19.071180555555554
2010-06-25,18.646805555555563
2010-06-26,18.4225
2010-06-27,18.653194444444452
2010-06-28,20.56875000000001
2010-06-29,22.128263888888892
2010-06-30,21.986736111111114
2010-07-01,22.53219512195121
2010-07-02,24.476758620689655
2010-07-03,25.762638888888883
2010-07-04,21.899305555555557
2010-07-05,20.661944444444444
2010-07-06,16.13145833333333
2010-07-07,17.12111111111111
2010-07-08,21.296666666666667
2010-07-09,24.86305555555556
2010-07-10,26.89277777777778
2010-07-11,27.641180555555547
2010-07-12,26.164513888888887
2010-07-13,22.602291666666662
2010-07-14,25.205763888888892
2010-07-15,22.040138888888887
2010-07-16,24.95625
2010-07-17,20.437569444444435
2010-07-18,18.97763888888889
2010-07-19,18.564027777777763
2010-07-20,20.566180555555576
2010-07-21,25.011736111111112
2010-07-22,22.310555555555567
2010-07-23,17.72694444444444
2010-07-24,16.439861111111107
2010-07-25,15.59854166666666
2010-07-26,15.038402777777776
2010-07-27,17.536180555555557
2010-07-28,16.254097222222224
2010-07-29,14.777152777777783
2010-07-30,15.912499999999998
2010-07-31,17.90805555555555
2010-08-01,20.780347222222208
2010-08-02,18.94020833333333
2010-08-03,15.60638888888888
2010-08-04,16.17756944444445
2010-08-05,16.5525
2010-08-06,14.06895833333334
2010-08-07,17.787847222222226
2010-08-08,17.04229166666667
2010-08-09,17.07208333333334
2010-08-10,18.89118055555556
2010-08-11,17.047291666666677
2010-08-12,15.393750000000004
2010-08-13,16.051249999999996
2010-08-14,16.011874999999996
2010-08-15,14.985694444444444
2010-08-16,14.947222222222214
2010-08-17,13.507152777777778
2010-08-18,15.740486111111116
2010-08-19,16.07645833333333
2010-08-20,17.463680555555555
2010-08-21,20.63451388888889
2010-08-22,21.354027777777787
2010-08-23,18.987777777777776
2010-08-24,17.593888888888895
2010-08-25,15.327361111111108
2010-08-26,17.58763888888889
2010-08-27,18.34215277777778
2010-08-28,13.337986111111107
2010-08-29,11.584791666666671
2010-08-30,9.116111111111113
2010-08-31,12.211250000000005
2010-09-01,11.763055555555553
2010-09-02,12.751319444444443
2010-09-03,13.184444444444445
2010-09-04,11.093125000000004
2010-09-05,10.106805555555555
2010-09-06,10.493055555555562
2010-09-07,12.32701388888889
2010-09-08,13.766944444444448
2010-09-09,13.811875000000004
2010-09-10,14.476319444444435
2010-09-11,14.01277777777778
2010-09-12,15.41618055555555
2010-09-13,13.586319444444445
2010-09-14,12.564583333333328
2010-09-15,14.118749999999997
2010-09-16,12.47659722222222
2010-09-17,11.312430555555558
2010-09-18,9.279999999999998
2010-09-19,9.431527777777776
2010-09-20,11.099791666666672
2010-09-21,12.72736111111111
2010-09-22,13.079652777777781
2010-09-23,14.346388888888887
2010-09-24,16.234444444444446
2010-09-25,10.467291666666663
2010-09-26,9.055486111111112
2010-09-27,8.311249999999996
2010-09-28,9.216944444444444
2010-09-29,8.228055555555558
2010-09-30,8.500763888888885
2010-10-01,9.953541666666668
2010-10-02,11.336319444444449
2010-10-03,13.296666666666667
2010-10-04,11.158333333333339
2010-10-05,12.667291666666666
2010-10-06,13.678819444444446
2010-10-07,12.327638888888892
2010-10-08,12.215277777777773
2010-10-09,10.290694444444439
2010-10-10,6.610624999999999
2010-10-11,5.423055555555558
2010-10-12,3.725763888888889
2010-10-13,4.894513888888888
2010-10-14,6.0817361111111135
2010-10-15,8.216041666666664
2010-10-16,6.098888888888887
2010-10-17,5.205138888888887
2010-10-18,2.0359027777777765
2010-10-19,3.4888888888888885
2010-10-20,4.956527777777781
2010-10-21,4.310208333333333
2010-10-22,4.114027777777777
2010-10-23,5.056597222222221
2010-10-24,7.405833333333337
2010-10-25,3.891250000000001
2010-10-26,3.9631944444444454
2010-10-27,5.072430555555553
2010-10-28,8.642430555555553
2010-10-29,7.633819444444439
2010-10-30,9.165208333333332
2010-10-31,8.575416666666671
2010-11-01,7.377500000000001
2010-11-02,6.487986111111112
2010-11-03,10.40486111111111
2010-11-04,14.46270833333334
2010-11-05,13.147013888888893
2010-11-06,9.660555555555558
2010-11-07,4.06715277777778
2010-11-08,2.044027777777777
2010-11-09,3.760833333333333
2010-11-10,5.032291666666666
2010-11-11,4.5547916666666675
2010-11-12,9.289791666666671
2010-11-13,13.690138888888889
2010-11-14,13.728124999999999
2010-11-15,8.781250000000002
2010-11-16,3.181458333333333
2010-11-17,2.117916666666667
2010-11-18,3.306180555555555
2010-11-19,4.353124999999998
2010-11-20,3.543680555555557
2010-11-21,0.13993055555555536
2010-11-22,0.9029861111111104
2010-11-23,1.3643749999999997
2010-11-24,0.39236111111111094
2010-11-25,-0.5321527777777777
2010-11-26,-1.7011805555555561
2010-11-27,-5.611875
2010-11-28,-5.342083333333338
2010-11-29,-3.836597222222224
2010-11-30,-5.388819444444444
2010-12-01,-11.012777777777774
2010-12-02,-11.383541666666673
2010-12-03,-11.812083333333334
2010-12-04,-9.804444444444442
2010-12-05,-2.2730555555555565
2010-12-06,-1.4000694444444446
2010-12-07,-3.933402777777777
2010-12-08,-3.3875694444444444
2010-12-09,-2.0783333333333327
2010-12-10,-1.7865972222222222
2010-12-11,2.526736111111109
2010-12-12,-0.13465277777777784
2010-12-13,-6.142361111111114
2010-12-14,-5.513333333333334
2010-12-15,-6.473611111111114
2010-12-16,-6.090416666666669
2010-12-17,-4.931875000000001
2010-12-18,-9.020972222222222
2010-12-19,-4.58020833333333
2010-12-20,-1.8163888888888888
2010-12-21,-4.1301388888888875
2010-12-22,-0.727916666666666
2010-12-23,-0.828888888888889
2010-12-24,-2.8206944444444453
2010-12-25,-7.287430555555558
2010-12-26,-9.840763888888894
2010-12-27,-4.520347222222224
2010-12-28,-5.791944444444444
2010-12-29,-13.16354166666667
2010-12-30,-10.362291666666671
2010-12-31,-4.208680555555553
2011-01-01,-0.3165972222222222
2011-01-02,-0.3536805555555554
2011-01-03,-1.5672222222222223
2011-01-04,-5.887361111111114
2011-01-05,-7.4159027777777755
2011-01-06,1.6169444444444445
2011-01-07,5.595069444444445
2011-01-08,7.66888888888889
2011-01-09,5.484930555555555
2011-01-10,-2.4699305555555573
2011-01-11,-0.5151388888888893
2011-01-12,3.6081250000000002
2011-01-13,5.908888888888887
2011-01-14,9.841805555555558
2011-01-15,7.741388888888892
2011-01-16,5.75263888888889
2011-01-17,1.6062500000000004
2011-01-18,5.72666666666667
2011-01-19,1.3145833333333343
2011-01-20,-0.6408333333333335
2011-01-21,-2.1542361111111115
2011-01-22,-2.335416666666666
2011-01-23,-1.2705555555555537
2011-01-24,0.5026388888888891
2011-01-25,0.9252083333333334
2011-01-26,0.15284722222222225
2011-01-27,-2.7667361111111104
2011-01-28,-3.0041666666666664
2011-01-29,-5.756319444444448
2011-01-30,-6.2967361111111115
2011-01-31,-6.309444444444447
2011-02-01,-5.702222222222222
2011-02-02,-3.387847222222224
2011-02-03,-0.28888888888888986
2011-02-04,3.399722222222222
2011-02-05,8.198194444444448
2011-02-06,8.33256944444444
2011-02-07,4.787152777777777
2011-02-08,5.701736111111108
2011-02-09,0.057708333333333285
2011-02-10,1.0193750000000008
2011-02-11,7.447291666666664
2011-02-12,-0.43111111111111106
2011-02-13,1.5312499999999998
2011-02-14,1.8713888888888894
2011-02-15,1.2765972222222228
2011-02-16,2.547152777777777
2011-02-17,-2.0043055555555562
2011-02-18,-2.9413888888888886
2011-02-19,-3.25472222222222
2011-02-20,-6.170347222222222
2011-02-21,-8.89666666666667
2011-02-22,-9.646180555555558
2011-02-23,-9.078194444444446
2011-02-24,-3.090972222222221
2011-02-25,-0.09624999999999988
2011-02-26,0.24555555555555614
2011-02-27,1.0187499999999998
2011-02-28,1.3938194444444434
2011-03-01,-0.044305555555555244
2011-03-02,-0.33354166666666646
2011-03-03,-1.055902777777778
2011-03-04,-0.15166666666666803
2011-03-05,-0.31055555555555503
2011-03-06,0.05979166666666649
2011-03-07,-0.9493749999999999
2011-03-08,2.395555555555555
2011-03-09,5.612638888888891
2011-03-10,6.4700694444444435
2011-03-11,7.0563194444444415
2011-03-12,5.927916666666667
2011-03-13,8.437222222222227
2011-03-14,9.23875
2011-03-15,8.94319444444445
2011-03-16,4.4293749999999985
2011-03-17,4.605972222222223
2011-03-18,3.4071527777777777
2011-03-19,2.915555555555555
2011-03-20,1.8031250000000003
2011-03-21,3.954652777777779
2011-03-22,5.883611111111111
2011-03-23,6.723333333333333
2011-03-24,7.252152777777777
2011-03-25,7.646319444444446
2011-03-26,4.278541666666666
2011-03-27,3.652083333333334
2011-03-28,4.923958333333335
2011-03-29,6.520763888888891
2011-03-30,8.897638888888888
2011-03-31,10.496527777777775
2011-04-01,13.58020833333333
2011-04-02,14.559236111111112
2011-04-03,15.378819444444455
2011-04-04,9.204930555555555
2011-04-05,8.961388888888889
2011-04-06,13.652083333333332
2011-04-07,14.456666666666669
2011-04-08,10.551805555555559
2011-04-09,8.992291666666661
2011-04-10,9.021111111111118
2011-04-11,12.01763888888889
2011-04-12,8.607083333333332
2011-04-13,6.4100694444444395
2011-04-14,6.058888888888889
2011-04-15,6.4991666666666665
2011-04-16,8.96527777777778
2011-04-17,9.684097222222217
2011-04-18,10.0475
2011-04-19,12.129791666666668
2011-04-20,13.40055555555556
2011-04-21,14.675555555555555
2011-04-22,15.261527777777767
2011-04-23,15.63909722222222
2011-04-24,14.620624999999997
2011-04-25,11.030416666666671
2011-04-26,8.866458333333336
2011-04-27,10.540277777777776
2011-04-28,12.862916666666669
2011-04-29,14.009861111111118
2011-04-30,13.015069444444443
2011-05-01,9.337777777777779
2011-05-02,5.599236111111112
2011-05-03,4.860902777777777
2011-05-04,4.587361111111111
2011-05-05,7.980486111111111
2011-05-06,12.236805555555557
2011-05-07,15.401666666666662
2011-05-08,14.832499999999998
2011-05-09,16.49305555555555
2011-05-10,17.26979166666667
2011-05-11,16.250208333333333
2011-05-12,14.32180555555556
2011-05-13,12.919166666666666
2011-05-14,12.781111111111112
2011-05-15,10.23798611111111
2011-05-16,10.245347222222223
2011-05-17,14.131041666666668
2011-05-18,16.311736111111117
2011-05-19,16.577152777777783
2011-05-20,15.632916666666663
2011-05-21,16.458194444444434
2011-05-22,18.354236111111117
2011-05-23,15.622916666666669
2011-05-24,15.316249999999993
2011-05-25,12.668611111111113
2011-05-26,16.87569444444445
2011-05-27,13.664722222222224
2011-05-28,12.792291666666667
2011-05-29,16.965694444444445
2011-05-30,21.160902777777775
2011-05-31,18.79125
2011-06-01,10.995277777777787
2011-06-02,14.97069444444445
2011-06-03,17.594305555555554
2011-06-04,20.907430555555553
2011-06-05,21.879930555555564
2011-06-06,18.79388888888888
2011-06-07,18.53791666666667
2011-06-08,15.791111111111114
2011-06-09,14.942152777777782
2011-06-10,14.250555555555552
2011-06-11,14.308263888888884
2011-06-12,15.421944444444442
2011-06-13,15.76555555555555
2011-06-14,16.359791666666673
2011-06-15,18.61555555555556
2011-06-16,18.9325
2011-06-17,16.558472222222225
2011-06-18,15.091111111111108
2011-06-19,13.304791666666663
2011-06-20,13.867569444444445
2011-06-21,16.66861111111112
2011-06-22,17.69006944444445
2011-06-23,16.022152777777773
2011-06-24,13.500833333333338
2011-06-25,12.901597222222229
2011-06-26,17.53340277777778
2011-06-27,20.12847222222223
2011-06-28,21.556041666666665
2011-06-29,20.96354166666667
2011-06-30,13.400138888888897
2011-07-01,11.117847222222226
2011-07-02,11.15041666666667
2011-07-03,10.865902777777785
2011-07-04,14.408055555555555
2011-07-05,15.601875
2011-07-06,19.150625
2011-07-07,20.319722222222225
2011-07-08,18.169583333333325
2011-07-09,20.871805555555547
2011-07-10,19.647430555555545
2011-07-11,18.853541666666658
2011-07-12,19.612777777777783
2011-07-13,19.860902777777767
2011-07-14,15.144583333333335
2011-07-15,15.078333333333338
2011-07-16,18.437222222222218
2011-07-17,16.60458333333334
2011-07-18,14.909027777777778
2011-07-19,17.251250000000002
2011-07-20,18.100138888888882
2011-07-21,15.488749999999998
2011-07-22,13.605347222222221
2011-07-23,13.06027777777777
2011-07-24,13.120347222222225
2011-07-25,13.11375
2011-07-26,16.258611111111122
2011-07-27,19.142291666666672
2011-07-28,18.094861111111115
2011-07-29,16.74319444444445
2011-07-30,12.95847222222222
2011-07-31,12.880069444444448
2011-08-01,14.963333333333326
2011-08-02,17.711458333333333
2011-08-03,20.53902777777778
2011-08-04,19.811388888888885
2011-08-05,19.329375000000006
2011-08-06,21.68659722222222
2011-08-07,17.916458333333335
2011-08-08,14.275625
2011-08-09,13.242499999999998
2011-08-10,13.542222222222223
2011-08-11,18.20784722222222
2011-08-12,17.150763888888893
2011-08-13,17.009375000000006
2011-08-14,18.99208333333333
2011-08-15,16.767430555555556
2011-08-16,16.250138888888884
2011-08-17,19.275763888888886
2011-08-18,21.638055555555557
2011-08-19,17.76875
2011-08-20,16.396944444444436
2011-08-21,18.64805555555556
2011-08-22,21.290486111111107
2011-08-23,21.54472222222222
2011-08-24,22.376041666666666
2011-08-25,19.74277777777778
2011-08-26,24.716597222222234
2011-08-27,14.637916666666667
2011-08-28,14.62361111111111
2011-08-29,14.680138888888889
2011-08-30,12.287152777777775
2011-08-31,11.813333333333327
2011-09-01,14.208888888888886
2011-09-02,16.31534722222223
2011-09-03,19.59541666666668
2011-09-04,20.939722222222226
2011-09-05,17.312777777777768
2011-09-06,15.917777777777777
2011-09-07,15.151458333333327
2011-09-08,12.379861111111111
2011-09-09,15.115763888888885
2011-09-10,20.053819444444443
2011-09-11,20.236111111111104
2011-09-12,16.747430555555557
2011-09-13,17.562847222222217
2011-09-14,14.206388888888885
2011-09-15,12.490416666666665
2011-09-16,12.22215277777778
2011-09-17,16.553125
2011-09-18,12.431041666666664
2011-09-19,11.55270833333333
2011-09-20,11.27972222222222
2011-09-21,12.033958333333336
2011-09-22,13.189583333333333
2011-09-23,11.480486111111112
2011-09-24,11.83347222222222
2011-09-25,13.569097222222224
2011-09-26,15.864444444444437
2011-09-27,15.354652777777776
2011-09-28,15.197847222222217
2011-09-29,14.441736111111119
2011-09-30,15.458402777777776
2011-10-01,15.800000000000004
2011-10-02,15.769513888888879
2011-10-03,16.055138888888898
2011-10-04,17.49194444444444
2011-10-05,15.81055555555556
2011-10-06,13.619999999999997
2011-10-07,8.244097222222223
2011-10-08,6.531875000000003
2011-10-09,6.62138888888889
2011-10-10,11.886388888888881
2011-10-11,14.478124999999999
2011-10-12,8.334375000000001
2011-10-13,7.565833333333332
2011-10-14,3.2152083333333343
2011-10-15,3.0292361111111115
2011-10-16,6.045416666666665
2011-10-17,6.770486111111111
2011-10-18,8.60236111111111
2011-10-19,6.3858333333333315
2011-10-20,4.842847222222221
2011-10-21,2.2284027777777764
2011-10-22,2.1010416666666667
2011-10-23,3.853541666666667
2011-10-24,7.726388888888887
2011-10-25,7.662916666666669
2011-10-26,9.103194444444448
2011-10-27,6.549027777777776
2011-10-28,10.561388888888883
2011-10-29,9.205277777777782
2011-10-30,10.453124999999996
2011-10-31,9.960625000000002
2011-11-01,7.190000000000002
2011-11-02,7.319027777777778
2011-11-03,8.388749999999995
2011-11-04,7.318055555555552
2011-11-05,6.5436805555555555
2011-11-06,6.845277777777779
2011-11-07,4.87201388888889
2011-11-08,4.317569444444443
2011-11-09,2.7738888888888873
2011-11-10,3.28659722222222
2011-11-11,1.6101388888888897
2011-11-12,1.4932638888888894
2011-11-13,0.9670833333333338
2011-11-14,-0.563194444444445
2011-11-15,-3.0636805555555537
2011-11-16,-2.5551388888888877
2011-11-17,-1.0599305555555552
2011-11-18,2.195972222222222
2011-11-19,4.344513888888887
2011-11-20,2.29861111111111
2011-11-21,5.145138888888892
2011-11-22,2.5629861111111105
2011-11-23,2.3324305555555553
2011-11-24,1.4963888888888885
2011-11-25,1.6822916666666667
2011-11-26,4.728402777777778
2011-11-27,6.075972222222225
2011-11-28,4.442083333333333
2011-11-29,0.06812499999999998
2011-11-30,5.709027777777777
2011-12-01,3.858819444444445
2011-12-02,7.860763888888887
2011-12-03,3.432708333333333
2011-12-04,6.688055555555555
2011-12-05,2.6274305555555557
2011-12-06,1.3670833333333334
2011-12-07,2.6732638888888887
2011-12-08,4.59173611111111
2011-12-09,4.711388888888887
2011-12-10,1.7431250000000003
2011-12-11,-0.7588888888888894
2011-12-12,4.160347222222222
2011-12-13,4.727013888888888
2011-12-14,5.505555555555557
2011-12-15,3.780694444444445
2011-12-16,4.026458333333334
2011-12-17,2.4366666666666665
2011-12-18,1.0427777777777782
2011-12-19,-0.16159722222222223
2011-12-20,-0.44874999999999976
2011-12-21,2.36277777777778
2011-12-22,2.3899999999999992
2011-12-23,6.272638888888886
2011-12-24,3.866527777777778
2011-12-25,3.3128472222222216
2011-12-26,7.108472222222222
2011-12-27,6.704513888888886
2011-12-28,4.783680555555556
2011-12-29,3.788819444444443
2011-12-30,1.7923611111111108
2011-12-31,1.7109722222222226
2012-01-01,7.769097222222222
2012-01-02,8.635416666666666
2012-01-03,5.0748611111111135
2012-01-04,5.009375000000002
2012-01-05,3.2513194444444453
2012-01-06,2.4845833333333336
2012-01-07,3.1602777777777784
2012-01-08,3.2177777777777785
2012-01-09,3.494930555555556
2012-01-10,4.632986111111112
2012-01-11,6.013333333333335
2012-01-12,6.083055555555554
2012-01-13,1.723194444444444
2012-01-14,1.011111111111111
2012-01-15,-1.7202777777777782
2012-01-16,-1.7260416666666671
2012-01-17,-0.16493055555555564
2012-01-18,-0.5733333333333328
2012-01-19,3.102291666666667
2012-01-20,1.5256944444444447
2012-01-21,1.9290277777777776
2012-01-22,3.813680555555555
2012-01-23,3.2303472222222247
2012-01-24,1.2538194444444448
2012-01-25,0.6162500000000001
2012-01-26,-1.9215972222222222
2012-01-27,-1.6697916666666677
2012-01-28,-2.3665277777777773
2012-01-29,-6.132361111111111
2012-01-30,-7.337916666666668
2012-01-31,-9.651944444444442
2012-02-01,-11.999930555555556
2012-02-02,-14.564513888888882
2012-02-03,-14.447361111111112
2012-02-04,-12.769027777777778
2012-02-05,-14.583472222222222
2012-02-06,-16.45729166666667
2012-02-07,-15.359722222222237
2012-02-08,-10.162986111111113
2012-02-09,-9.541180555555554
2012-02-10,-11.752916666666664
2012-02-11,-13.539722222222226
2012-02-12,-11.666180555555558
2012-02-13,-3.648402777777777
2012-02-14,-0.7095833333333331
2012-02-15,2.5608333333333326
2012-02-16,1.5920138888888897
2012-02-17,4.615833333333335
2012-02-18,5.2548611111111105
2012-02-19,3.957777777777779
2012-02-20,0.5660416666666667
2012-02-21,0.6921527777777777
2012-02-22,5.812986111111111
2012-02-23,7.564236111111108
2012-02-24,9.704722222222221
2012-02-25,6.049722222222222
2012-02-26,4.0140972222222215
2012-02-27,2.399930555555556
2012-02-28,6.931250000000005
2012-02-29,9.93868055555555
2012-03-01,10.357500000000005
2012-03-02,7.3090277777777795
2012-03-03,6.2952777777777795
2012-03-04,7.268194444444442
2012-03-05,4.457499999999997
2012-03-06,3.8543749999999983
2012-03-07,3.030486111111111
2012-03-08,4.4256249999999975
2012-03-09,3.8893750000000002
2012-03-10,7.279444444444443
2012-03-11,7.255972222222223
2012-03-12,8.004236111111108
2012-03-13,6.649722222222222
2012-03-14,5.609444444444444
2012-03-15,7.637499999999999
2012-03-16,10.99798611111111
2012-03-17,12.624236111111113
2012-03-18,10.032083333333336
2012-03-19,6.46548611111111
2012-03-20,6.046180555555556
2012-03-21,9.631250000000001
2012-03-22,8.910277777777777
2012-03-23,8.503333333333334
2012-03-24,9.5275
2012-03-25,10.767013888888888
2012-03-26,8.295555555555552
2012-03-27,9.65895833333333
2012-03-28,12.216041666666666
2012-03-29,8.823124999999996
2012-03-30,7.6559722222222275
2012-03-31,6.224097222222223
2012-04-01,4.461527777777778
2012-04-02,7.170694444444444
2012-04-03,9.767222222222223
2012-04-04,7.33104166666667
2012-04-05,3.9397222222222226
2012-04-06,2.9165277777777794
2012-04-07,2.695347222222223
2012-04-08,1.3770833333333334
2012-04-09,3.832222222222221
2012-04-10,12.663680555555562
2012-04-11,9.27125
2012-04-12,7.8205555555555595
2012-04-13,7.320486111111113
2012-04-14,6.615277777777776
2012-04-15,7.759722222222219
2012-04-16,5.88631944444444
2012-04-17,5.162569444444446
2012-04-18,7.057986111111111
2012-04-19,9.182430555555555
2012-04-20,9.760208333333335
2012-04-21,8.817430555555553
2012-04-22,8.89625
2012-04-23,7.979652777777779
2012-04-24,8.604166666666664
2012-04-25,11.399999999999999
2012-04-26,14.743333333333336
2012-04-27,17.356666666666673
2012-04-28,21.778888888888886
2012-04-29,21.855625000000014
2012-04-30,18.060625
2012-05-01,16.913402777777776
2012-05-02,17.854513888888896
2012-05-03,14.99520833333334
2012-05-04,14.734999999999998
2012-05-05,11.317916666666669
2012-05-06,6.639930555555558
2012-05-07,9.908194444444451
2012-05-08,14.221111111111107
2012-05-09,15.963888888888894
2012-05-10,20.407986111111107
2012-05-11,22.634513888888897
2012-05-12,10.804097222222229
2012-05-13,7.274722222222222
2012-05-14,10.166944444444448
2012-05-15,10.35916666666666
2012-05-16,8.425694444444447
2012-05-17,8.964791666666663
2012-05-18,12.793333333333337
2012-05-19,18.137222222222228
2012-05-20,20.68201388888889
2012-05-21,20.866180555555562
2012-05-22,22.29923611111111
2012-05-23,22.973194444444452
2012-05-24,19.59402777777777
2012-05-25,16.45069444444444
2012-05-26,16.726319444444442
2012-05-27,17.744791666666664
2012-05-28,18.232569444444447
2012-05-29,17.552222222222227
2012-05-30,16.347291666666667
2012-05-31,15.304305555555556
2012-06-01,12.64076388888889
2012-06-02,12.161250000000003
2012-06-03,9.24583333333333
2012-06-04,11.82652777777777
2012-06-05,9.900555555555554
2012-06-06,10.855277777777777
2012-06-07,16.956111111111124
2012-06-08,19.47020833333335
2012-06-09,17.12784722222223
2012-06-10,15.341874999999996
2012-06-11,15.52041666666666
2012-06-12,15.062638888888877
2012-06-13,14.07944444444445
2012-06-14,11.849513888888886
2012-06-15,16.585
2012-06-16,19.05055555555557
2012-06-17,18.179375000000007
2012-06-18,21.276597222222232
2012-06-19,19.693819444444443
2012-06-20,16.931736111111114
2012-06-21,15.041874999999992
2012-06-22,18.39138888888889
2012-06-23,16.990069444444444
2012-06-24,16.86451388888888
2012-06-25,14.564444444444442
2012-06-26,13.888680555555554
2012-06-27,16.246805555555543
2012-06-28,21.087361111111115
2012-06-29,24.965138888888887
2012-06-30,24.385694444444436
2012-07-01,19.02055555555556
2012-07-02,16.660833333333343
2012-07-03,18.204930555555553
2012-07-04,21.077847222222218
2012-07-05,19.606111111111105
2012-07-06,20.15465277777777
2012-07-07,19.506111111111114
2012-07-08,19.859722222222228
2012-07-09,18.834930555555545
2012-07-10,19.170138888888893
2012-07-11,17.463680555555555
2012-07-12,14.339375000000006
2012-07-13,14.204513888888883
2012-07-14,15.835347222222225
2012-07-15,15.978888888888886
2012-07-16,15.401388888888883
2012-07-17,15.761388888888884
2012-07-18,19.084583333333324
2012-07-19,18.723402777777775
2012-07-20,15.579166666666671
2012-07-21,13.813750000000002
2012-07-22,14.44305555555556
2012-07-23,17.38847222222223
2012-07-24,21.39965277777778
2012-07-25,25.170486111111103
2012-07-26,25.243472222222223
2012-07-27,25.72979166666666
2012-07-28,21.65243055555556
2012-07-29,19.015347222222218
2012-07-30,16.63381944444444
2012-07-31,17.548263888888883
2012-08-01,21.108611111111113
2012-08-02,23.660694444444438
2012-08-03,20.976319444444446
2012-08-04,21.17715277777778
2012-08-05,19.32444444444444
2012-08-06,20.210138888888892
2012-08-07,17.963749999999997
2012-08-08,18.149861111111097
2012-08-09,17.245277777777783
2012-08-10,16.177291666666658
2012-08-11,15.908750000000001
2012-08-12,15.891458333333325
2012-08-13,17.660625000000007
2012-08-14,18.46673611111111
2012-08-15,19.760277777777777
2012-08-16,17.392222222222223
2012-08-17,18.38722222222222
2012-08-18,21.958680555555564
2012-08-19,26.16909722222222
2012-08-20,27.565069444444433
2012-08-21,25.38569444444443
2012-08-22,21.88652777777779
2012-08-23,18.611527777777784
2012-08-24,17.889236111111117
2012-08-25,21.023402777777793
2012-08-26,16.892986111111114
2012-08-27,16.689791666666665
2012-08-28,18.637430555555554
2012-08-29,21.540833333333325
2012-08-30,18.828472222222228
2012-08-31,15.680486111111113
2012-09-01,14.870138888888881
2012-09-02,14.869861111111113
2012-09-03,17.193541666666665
2012-09-04,16.876875
2012-09-05,14.096944444444448
2012-09-06,14.006111111111109
2012-09-07,14.755972222222226
2012-09-08,19.264444444444454
2012-09-09,20.428680555555566
2012-09-10,22.53409722222223
2012-09-11,19.148819444444452
2012-09-12,12.019513888888884
2012-09-13,11.65041666666667
2012-09-14,12.801874999999999
2012-09-15,14.108194444444447
2012-09-16,14.354722222222222
2012-09-17,15.565763888888888
2012-09-18,16.521874999999994
2012-09-19,11.624513888888892
2012-09-20,9.768472222222222
2012-09-21,10.86368055555556
2012-09-22,11.898888888888884
2012-09-23,9.50493055555556
2012-09-24,14.748333333333335
2012-09-25,15.18312500000001
2012-09-26,16.012569444444438
2012-09-27,12.88881944444444
2012-09-28,13.402500000000002
2012-09-29,11.708472222222225
2012-09-30,10.257152777777781
2012-10-01,11.324722222222222
2012-10-02,13.063819444444439
2012-10-03,14.209652777777777
2012-10-04,13.178819444444443
2012-10-05,12.69152777777778
2012-10-06,14.88951388888888
2012-10-07,9.80055555555556
2012-10-08,8.589513888888892
2012-10-09,7.992777777777779
2012-10-10,6.230902777777779
2012-10-11,7.0304861111111085
2012-10-12,7.450624999999998
2012-10-13,9.414305555555563
2012-10-14,9.27472222222222
2012-10-15,8.303194444444443
2012-10-16,8.117638888888889
2012-10-17,10.601250000000002
2012-10-18,13.069513888888888
2012-10-19,15.311805555555557
2012-10-20,14.439583333333328
2012-10-21,12.544930555555547
2012-10-22,8.78277777777778
2012-10-23,9.907847222222225
2012-10-24,7.638680555555553
2012-10-25,9.00097222222222
2012-10-26,3.7425000000000006
2012-10-27,0.155
2012-10-28,0.0022916666666663744
2012-10-29,-0.8913888888888886
2012-10-30,2.9744444444444453
2012-10-31,4.555069444444445
2012-11-01,6.432361111111108
2012-11-02,8.017222222222221
2012-11-03,8.220972222222226
2012-11-04,8.079722222222223
2012-11-05,7.858680555555555
2012-11-06,4.683055555555554
2012-11-07,8.263124999999995
2012-11-08,7.633472222222224
2012-11-09,7.548263888888887
2012-11-10,6.789652777777778
2012-11-11,8.93465277777778
2012-11-12,6.708333333333333
2012-11-13,2.3081250000000004
2012-11-14,0.36111111111111155
2012-11-15,-1.0588194444444445
2012-11-16,1.0781944444444445
2012-11-17,1.0600694444444445
2012-11-18,4.789375000000001
2012-11-19,5.9994444444444435
2012-11-20,4.131875
2012-11-21,5.423958333333334
2012-11-22,5.790277777777775
2012-11-23,3.5552083333333337
2012-11-24,7.579027777777777
2012-11-25,9.661736111111106
2012-11-26,6.693819444444444
2012-11-27,7.921458333333334
2012-11-28,5.300416666666667
2012-11-29,1.9125694444444434
2012-11-30,0.5102083333333334
2012-12-01,-2.1975
2012-12-02,-0.49583333333333357
2012-12-03,0.4187499999999998
2012-12-04,2.2461111111111105
2012-12-05,-0.0744444444444442
2012-12-06,-1.914097222222222
2012-12-07,-4.61611111111111
2012-12-08,-7.811111111111114
2012-12-09,-3.7139583333333337
2012-12-10,1.031944444444444
2012-12-11,-3.302222222222222
2012-12-12,-4.180625000000001
2012-12-13,-3.921388888888891
2012-12-14,0.3351388888888889
2012-12-15,4.425486111111113
2012-12-16,4.458263888888889
2012-12-17,3.635069444444444
2012-12-18,3.964583333333332
2012-12-19,2.785069444444444
2012-12-20,1.2031250000000007
2012-12-21,-0.6195833333333334
2012-12-22,1.7586805555555558
2012-12-23,6.9508333333333345
2012-12-24,8.597500000000004
2012-12-25,10.240138888888888
2012-12-26,7.056250000000001
2012-12-27,7.440347222222225
2012-12-28,1.71625
2012-12-29,6.449444444444445
2012-12-30,6.796944444444445
2012-12-31,7.1420833333333364
2013-01-01,6.185902777777776
2013-01-02,4.060277777777777
2013-01-03,6.468333333333334
2013-01-04,9.510972222222218
2013-01-05,7.437986111111109
2013-01-06,6.394930555555552
2013-01-07,5.317013888888887
2013-01-08,4.959027777777779
2013-01-09,5.482083333333334
2013-01-10,3.0262500000000014
2013-01-11,-1.6472916666666664
2013-01-12,-3.034861111111111
2013-01-13,-4.464444444444442
2013-01-14,-3.5181250000000004
2013-01-15,-5.280486111111112
2013-01-16,-4.075069444444441
2013-01-17,-3.4686805555555558
2013-01-18,-4.64284722222222
2013-01-19,-6.9373611111111115
2013-01-20,-6.4351388888888845
2013-01-21,-6.5098611111111095
2013-01-22,-7.440972222222222
2013-01-23,-7.090416666666669
2013-01-24,-6.13173611111111
2013-01-25,-7.031111111111112
2013-01-26,-5.115833333333331
2013-01-27,-0.3136111111111106
2013-01-28,2.7247222222222227
2013-01-29,6.0652083333333335
2013-01-30,10.152499999999998
2013-01-31,6.473124999999998
2013-02-01,4.8484027777777765
2013-02-02,1.9822222222222206
2013-02-03,1.1607638888888887
2013-02-04,3.856875
2013-02-05,2.8380555555555556
2013-02-06,0.17111111111111113
2013-02-07,0.20131944444444427
2013-02-08,-1.4642361111111113
2013-02-09,-3.003611111111112
2013-02-10,-3.0290277777777774
2013-02-11,-4.511527777777781
2013-02-12,-2.529166666666666
2013-02-13,-2.5820833333333337
2013-02-14,-2.515694444444444
2013-02-15,-0.4743055555555554
2013-02-16,1.2499305555555553
2013-02-17,0.8014583333333337
2013-02-18,0.242361111111111
2013-02-19,0.0868055555555556
2013-02-20,-2.015902777777777
2013-02-21,-4.380277777777774
2013-02-22,-5.213472222222226
2013-02-23,-4.5986111111111105
2013-02-24,-1.1370138888888879
2013-02-25,0.1471527777777778
2013-02-26,0.052152777777777756
2013-02-27,-0.5847916666666665
2013-02-28,0.28104166666666663
2013-03-01,0.8206250000000002
2013-03-02,0.7036805555555552
2013-03-03,0.9474305555555558
2013-03-04,2.890208333333334
2013-03-05,4.732152777777778
2013-03-06,5.167083333333334
2013-03-07,4.085416666666667
2013-03-08,3.003402777777777
2013-03-09,1.011597222222222
2013-03-10,1.1818055555555553
2013-03-11,-5.268333333333333
2013-03-12,-5.406944444444445
2013-03-13,-5.7905555555555575
2013-03-14,-6.1684027777777795
2013-03-15,-3.956111111111113
2013-03-16,-2.0361111111111123
2013-03-17,2.174999999999999
2013-03-18,1.0978472222222222
2013-03-19,0.13159722222222225
2013-03-20,0.18791666666666662
2013-03-21,-0.28499999999999986
2013-03-22,-2.7986805555555554
2013-03-23,-4.826527777777778
2013-03-24,-5.605833333333333
2013-03-25,-3.9620138888888885
2013-03-26,-2.861041666666667
2013-03-27,-2.377569444444445
2013-03-28,-0.21333333333333362
2013-03-29,0.4349999999999998
2013-03-30,-0.2222222222222222
2013-03-31,-1.485138888888889
2013-04-01,-0.5989583333333328
2013-04-02,-0.0968750000000002
2013-04-03,-0.6490277777777776
2013-04-04,-0.14840277777777788
2013-04-05,0.5095833333333332
2013-04-06,0.4624305555555557
2013-04-07,2.135
2013-04-08,2.7479861111111106
2013-04-09,6.305416666666668
2013-04-10,6.412569444444444
2013-04-11,10.711041666666668
2013-04-12,10.48020833333333
2013-04-13,10.097708333333332
2013-04-14,11.748333333333331
2013-04-15,17.177847222222226
2013-04-16,15.726388888888895
2013-04-17,16.845555555555563
2013-04-18,18.15451388888889
2013-04-19,12.217569444444443
2013-04-20,7.898680555555561
2013-04-21,10.870277777777781
2013-04-22,10.917152777777774
2013-04-23,13.069236111111104
2013-04-24,15.550277777777772
2013-04-25,16.658611111111124
2013-04-26,16.009444444444437
2013-04-27,5.841875
2013-04-28,6.585625
2013-04-29,10.248333333333335
2013-04-30,8.291805555555554
2013-05-01,9.760972222222218
2013-05-02,10.379027777777772
2013-05-03,11.568263888888893
2013-05-04,10.939097222222221
2013-05-05,14.21263888888889
2013-05-06,15.012708333333332
2013-05-07,14.606180555555559
2013-05-08,17.218750000000004
2013-05-09,15.892986111111108
2013-05-10,14.98770833333334
2013-05-11,12.27027777777777
2013-05-12,9.555069444444445
2013-05-13,9.032013888888889
2013-05-14,13.424791666666671
2013-05-15,17.25868055555556
2013-05-16,17.47265734265735
2013-05-17,17.48652777777778
2013-05-18,13.322013888888893
2013-05-19,13.726319444444439
2013-05-20,12.741180555555559
2013-05-21,12.39201388888889
2013-05-22,8.957569444444447
2013-05-23,8.794375000000004
2013-05-24,6.901458333333335
2013-05-25,8.57569444444444
2013-05-26,7.678819444444446
2013-05-27,9.128333333333337
2013-05-28,13.493125
2013-05-29,11.639513888888887
2013-05-30,10.137430555555545
2013-05-31,13.223680555555555
2013-06-01,12.585625
2013-06-02,9.177430555555553
2013-06-03,10.899305555555555
2013-06-04,13.360833333333334
2013-06-05,14.916111111111112
2013-06-06,15.514999999999999
2013-06-07,17.91881944444445
2013-06-08,18.62166666666666
2013-06-09,15.450555555555553
2013-06-10,13.933541666666668
2013-06-11,15.573958333333337
2013-06-12,18.59027777777778
2013-06-13,20.720347222222227
2013-06-14,15.107916666666663
2013-06-15,16.636388888888884
2013-06-16,17.252638888888885
2013-06-17,19.746805555555554
2013-06-18,23.79972222222223
2013-06-19,27.29527777777778
2013-06-20,23.842430555555545
2013-06-21,19.35597222222222
2013-06-22,18.83701388888889
2013-06-23,17.89145833333333
2013-06-24,15.444722222222225
2013-06-25,12.247916666666669
2013-06-26,11.39597222222222
2013-06-27,12.42527777777778
2013-06-28,13.621874999999992
2013-06-29,13.645833333333336
2013-06-30,13.315347222222224
2013-07-01,19.090416666666677
2013-07-02,19.616458333333323
2013-07-03,18.79958333333333
2013-07-04,19.432291666666664
2013-07-05,19.48326388888889
2013-07-06,19.35798611111111
2013-07-07,19.057083333333342
2013-07-08,19.470069444444437
2013-07-09,20.44243055555555
2013-07-10,18.982430555555553
2013-07-11,15.992916666666666
2013-07-12,17.55805555555556
2013-07-13,17.480833333333337
2013-07-14,18.011875
2013-07-15,17.819722222222218
2013-07-16,19.533333333333335
2013-07-17,20.25944444444444
2013-07-18,21.289652777777786
2013-07-19,21.39763888888888
2013-07-20,19.189791666666668
2013-07-21,21.52402777777779
2013-07-22,23.155277777777773
2013-07-23,23.711319444444452
2013-07-24,21.522013888888882
2013-07-25,21.612569444444446
2013-07-26,24.50493055555556
2013-07-27,26.316041666666656
2013-07-28,25.807499999999997
2013-07-29,19.647291666666668
2013-07-30,19.886180555555555
2013-07-31,20.33055555555554
2013-08-01,22.484861111111112
2013-08-02,26.240902777777777
2013-08-03,25.082916666666666
2013-08-04,21.13111111111111
2013-08-05,22.772847222222232
2013-08-06,22.145624999999995
2013-08-07,20.39506944444444
2013-08-08,20.658680555555563
2013-08-09,16.905694444444443
2013-08-10,18.571319444444445
2013-08-11,16.521458333333335
2013-08-12,16.492847222222224
2013-08-13,14.362013888888884
2013-08-14,14.745486111111111
2013-08-15,15.791319444444447
2013-08-16,19.000069444444442
2013-08-17,20.762916666666666
2013-08-18,19.28152777777777
2013-08-19,18.165208333333336
2013-08-20,16.069930555555562
2013-08-21,16.60229166666667
2013-08-22,17.538819444444442
2013-08-23,16.051250000000007
2013-08-24,18.94729166666667
2013-08-25,16.66069444444444
2013-08-26,16.515069444444453
2013-08-27,16.230486111111112
2013-08-28,16.287361111111114
2013-08-29,17.12312500000001
2013-08-30,17.98854166666666
2013-08-31,17.80784722222222
2013-09-01,14.133055555555556
2013-09-02,15.35784722222222
2013-09-03,18.73388888888889
2013-09-04,19.542083333333338
2013-09-05,20.41048611111112
2013-09-06,21.508124999999993
2013-09-07,22.21743055555555
2013-09-08,18.153819444444437
2013-09-09,12.927013888888888
2013-09-10,12.654999999999994
2013-09-11,11.414999999999996
2013-09-12,11.486666666666663
2013-09-13,13.398055555555551
2013-09-14,13.676180555555554
2013-09-15,14.07215277777778
2013-09-16,12.614652777777778
2013-09-17,9.67451388888889
2013-09-18,10.43201388888889
2013-09-19,11.042638888888888
2013-09-20,12.311666666666662
2013-09-21,12.75638888888889
2013-09-22,12.994513888888886
2013-09-23,15.472986111111116
2013-09-24,15.267986111111108
2013-09-25,14.503819444444446
2013-09-26,12.592569444444445
2013-09-27,7.924027777777784
2013-09-28,8.099166666666665
2013-09-29,10.038541666666669
2013-09-30,9.04388888888889
2013-10-01,7.559652777777779
2013-10-02,7.192986111111109
2013-10-03,7.711180555555553
2013-10-04,9.58409722222222
2013-10-05,11.497430555555555
2013-10-06,11.688958333333325
2013-10-07,13.574375
2013-10-08,13.238888888888889
2013-10-09,13.508472222222215
2013-10-10,8.464097222222222
2013-10-11,6.748124999999998
2013-10-12,5.281736111111111
2013-10-13,6.783541666666669
2013-10-14,7.784513888888887
2013-10-15,10.189861111111115
2013-10-16,8.92013888888889
2013-10-17,10.67465277777778
2013-10-18,10.34291666666666
2013-10-19,9.930972222222218
2013-10-20,15.189305555555551
2013-10-21,15.375416666666673
2013-10-22,15.679930555555558
2013-10-23,16.309652777777778
2013-10-24,13.983888888888885
2013-10-25,11.583125000000003
2013-10-26,17.629652777777775
2013-10-27,15.162430555555554
2013-10-28,15.916805555555555
2013-10-29,11.870902777777784
2013-10-30,8.205694444444443
2013-10-31,4.537013888888889
2013-11-01,6.387638888888889
2013-11-02,11.779444444444445
2013-11-03,9.551111111111114
2013-11-04,8.97486111111111
2013-11-05,6.406180555555554
2013-11-06,7.580069444444446
2013-11-07,13.542569444444446
2013-11-08,10.791944444444448
2013-11-09,9.188888888888886
2013-11-10,5.783333333333337
2013-11-11,5.008125000000002
2013-11-12,2.427847222222222
2013-11-13,5.09326388888889
2013-11-14,0.8242361111111112
2013-11-15,1.6613194444444441
2013-11-16,2.7614583333333322
2013-11-17,0.42729166666666657
2013-11-18,4.391527777777782
2013-11-19,5.235972222222225
2013-11-20,2.565486111111111
2013-11-21,1.8001388888888887
2013-11-22,2.465972222222222
2013-11-23,4.134930555555554
2013-11-24,2.7204166666666656
2013-11-25,-0.195208333333333
2013-11-26,-0.8343055555555554
2013-11-27,-1.9458333333333329
2013-11-28,3.260902777777778
2013-11-29,4.219722222222221
2013-11-30,3.836527777777779
2013-12-01,4.669305555555554
2013-12-02,4.109861111111112
2013-12-03,-0.8923611111111109
2013-12-04,-0.3312500000000004
2013-12-05,2.613333333333334
2013-12-06,1.1906944444444438
2013-12-07,1.4904861111111112
2013-12-08,5.270138888888892
2013-12-09,7.864722222222227
2013-12-10,7.372291666666667
2013-12-11,3.5384722222222216
2013-12-12,0.8324305555555555
2013-12-13,0.0059722222222223864
2013-12-14,0.13555555555555573
2013-12-15,3.099930555555556
2013-12-16,5.543888888888889
2013-12-17,4.575833333333334
2013-12-18,2.2675694444444456
2013-12-19,5.250138888888889
2013-12-20,4.667291666666667
2013-12-21,3.2784027777777767
2013-12-22,9.18430555555556
2013-12-23,7.179236111111114
2013-12-24,9.690486111111115
2013-12-25,7.506458333333332
2013-12-26,5.292916666666665
2013-12-27,5.844166666666669
2013-12-28,8.231874999999997
2013-12-29,5.183749999999998
2013-12-30,1.1174305555555553
2013-12-31,2.1334722222222218
2014-01-01,2.094930555555555
2014-01-02,4.979722222222222
2014-01-03,6.359861111111112
2014-01-04,7.033125000000002
2014-01-05,5.798402777777776
2014-01-06,5.628680555555558
2014-01-07,9.752499999999998
2014-01-08,9.757291666666664
2014-01-09,8.61423611111111
2014-01-10,5.460277777777779
2014-01-11,3.3402777777777772
2014-01-12,2.4825694444444473
2014-01-13,0.8015972222222225
2014-01-14,2.43298611111111
2014-01-15,2.742013888888887
2014-01-16,4.127430555555557
2014-01-17,5.880347222222224
2014-01-18,3.501666666666666
2014-01-19,1.7991666666666657
2014-01-20,-0.7147222222222226
2014-01-21,-1.258819444444445
2014-01-22,-1.5715277777777776
2014-01-23,-2.831736111111112
2014-01-24,-3.1496527777777756
2014-01-25,-7.645555555555556
2014-01-26,-7.563750000000007
2014-01-27,1.1602777777777775
2014-01-28,-0.008680555555555497
2014-01-29,-3.5558333333333323
2014-01-30,-1.0415972222222218
2014-01-31,-0.9538888888888906
2014-02-01,3.668680555555557
2014-02-02,2.5652777777777773
2014-02-03,0.5678472222222224
2014-02-04,1.7369444444444442
2014-02-05,1.3602083333333337
2014-02-06,5.613402777777777
2014-02-07,8.84291666666667
2014-02-08,5.901874999999999
2014-02-09,5.454444444444447
2014-02-10,3.815
2014-02-11,4.809027777777779
2014-02-12,3.4890277777777783
2014-02-13,5.4196527777777765
2014-02-14,5.112500000000001
2014-02-15,8.831041666666664
2014-02-16,6.254583333333332
2014-02-17,4.399236111111108
2014-02-18,3.0028472222222216
2014-02-19,6.373958333333331
2014-02-20,5.945694444444445
2014-02-21,6.204722222222224
2014-02-22,4.39298611111111
2014-02-23,4.634722222222223
2014-02-24,5.723888888888888
2014-02-25,6.696944444444446
2014-02-26,7.354930555555559
2014-02-27,6.898958333333332
2014-02-28,4.6492361111111125
2014-03-01,4.785972222222221
2014-03-02,4.046458333333332
2014-03-03,4.2931944444444445
2014-03-04,5.268888888888888
2014-03-05,3.58375
2014-03-06,5.130833333333336
2014-03-07,4.111249999999999
2014-03-08,5.612500000000003
2014-03-09,7.340277777777776
2014-03-10,8.04986111111111
2014-03-11,6.143958333333334
2014-03-12,5.629791666666664
2014-03-13,7.838194444444444
2014-03-14,7.787499999999996
2014-03-15,8.093680555555558
2014-03-16,9.629513888888889
2014-03-17,10.11097222222222
2014-03-18,9.95395833333334
2014-03-19,10.118333333333334
2014-03-20,15.138378378378372
2014-03-21,15.61682730923695
2014-03-22,9.059861111111106
2014-03-23,6.136736111111109
2014-03-24,4.4220138888888885
2014-03-25,2.958541666666668
2014-03-26,4.0825
2014-03-27,8.044444444444446
2014-03-28,5.5544444444444405
2014-03-29,9.128194444444446
2014-03-30,10.332291666666666
2014-03-31,10.508125
2014-04-01,11.465625
2014-04-02,13.98305555555556
2014-04-03,14.48409722222222
2014-04-04,12.79604166666667
2014-04-05,11.31868055555556
2014-04-06,13.26277777777778
2014-04-07,14.995347222222225
2014-04-08,12.89236111111111
2014-04-09,8.272569444444443
2014-04-10,9.09180555555556
2014-04-11,10.208333333333336
2014-04-12,11.52805555555556
2014-04-13,11.80284722222222
2014-04-14,7.193333333333334
2014-04-15,4.9624999999999995
2014-04-16,6.043958333333333
2014-04-17,7.078263888888894
2014-04-18,5.851944444444445
2014-04-19,7.388819444444445
2014-04-20,13.47270833333334
2014-04-21,10.942152777777771
2014-04-22,13.514166666666666
2014-04-23,13.894513888888886
2014-04-24,13.07472222222222
2014-04-25,15.111111111111114
2014-04-26,15.226736111111116
2014-04-27,12.846874999999992
2014-04-28,13.067152777777771
2014-04-29,13.73770833333333
2014-04-30,14.163680555555556
2014-05-01,12.317083333333333
2014-05-02,7.0565972222222255
2014-05-03,6.762291666666668
2014-05-04,6.55493055555556
2014-05-05,9.394861111111107
2014-05-06,13.99187500000001
2014-05-07,14.571666666666665
2014-05-08,12.981805555555555
2014-05-09,14.184791666666674
2014-05-10,11.437777777777777
2014-05-11,10.858194444444447
2014-05-12,11.030694444444446
2014-05-13,9.717430555555556
2014-05-14,8.599791666666663
2014-05-15,9.227986111111107
2014-05-16,11.943680555555556
2014-05-17,12.725347222222222
2014-05-18,10.90986111111111
2014-05-19,15.59972222222222
2014-05-20,19.063125000000003
2014-05-21,21.05993055555556
2014-05-22,22.68277777777779
2014-05-23,16.95590277777777
2014-05-24,15.184166666666666
2014-05-25,15.804861111111112
2014-05-26,18.46965277777777
2014-05-27,15.840763888888896
2014-05-28,11.102222222222222
2014-05-29,8.338750000000003
2014-05-30,11.578750000000005
2014-05-31,13.663958333333339
2014-06-01,13.207847222222215
2014-06-02,14.156111111111107
2014-06-03,15.356111111111112
2014-06-04,16.682777777777787
2014-06-05,15.139791666666676
2014-06-06,17.66826388888889
2014-06-07,21.892152777777792
2014-06-08,25.5738888888889
2014-06-09,24.52972222222223
2014-06-10,24.811180555555566
2014-06-11,21.35555555555555
2014-06-12,18.75347222222222
2014-06-13,16.556527777777774
2014-06-14,13.842152777777782
2014-06-15,14.485624999999999
2014-06-16,14.219930555555559
2014-06-17,15.39291666666667
2014-06-18,16.943125000000002
2014-06-19,14.070902777777777
2014-06-20,13.61624999999999
2014-06-21,14.129930555555548
2014-06-22,15.265694444444446
2014-06-23,14.799513888888889
2014-06-24,15.02611111111111
2014-06-25,12.145833333333341
2014-06-26,13.570208333333333
2014-06-27,17.021736111111117
2014-06-28,17.999583333333327
2014-06-29,15.797708333333333
2014-06-30,14.684444444444445
2014-07-01,15.259444444444439
2014-07-02,16.059097222222224
2014-07-03,19.200555555555557
2014-07-04,23.470069444444444
2014-07-05,22.637569444444452
2014-07-06,24.307361111111106
2014-07-07,21.313333333333347
2014-07-08,17.86368055555556
2014-07-09,14.546041666666664
2014-07-10,15.965902777777773
2014-07-11,17.479583333333338
2014-07-12,16.8495138888889
2014-07-13,15.808749999999995
2014-07-14,20.401666666666667
2014-07-15,21.043958333333343
2014-07-16,20.928541666666668
2014-07-17,22.575763888888886
2014-07-18,23.163888888888888
2014-07-19,25.62652777777777
2014-07-20,26.012291666666666
2014-07-21,21.226388888888877
2014-07-22,22.794097222222234
2014-07-23,22.56340277777777
2014-07-24,18.87069444444444
2014-07-25,18.199791666666663
2014-07-26,19.393958333333327
2014-07-27,19.742291666666667
2014-07-28,21.098541666666662
2014-07-29,20.81847222222223
2014-07-30,19.278531468531472
2014-07-31,19.961736111111108
2014-08-01,20.22194444444444
2014-08-02,22.40777777777778
2014-08-03,19.597152777777787
2014-08-04,19.00486111111112
2014-08-05,16.97500000000001
2014-08-06,17.66604166666666
2014-08-07,18.232222222222216
2014-08-08,20.03743055555555
2014-08-09,21.217430555555545
2014-08-10,20.727152777777782
2014-08-11,19.01861111111111
2014-08-12,17.382152777777776
2014-08-13,15.890277777777776
2014-08-14,16.253055555555555
2014-08-15,14.369236111111109
2014-08-16,14.710625000000002
2014-08-17,16.072708333333324
2014-08-18,14.925902777777777
2014-08-19,14.129097222222223
2014-08-20,13.586527777777777
2014-08-21,13.424722222222227
2014-08-22,13.566458333333342
2014-08-23,12.656736111111108
2014-08-24,12.536319444444443
2014-08-25,13.54243055555556
2014-08-26,12.487013888888889
2014-08-27,14.815624999999999
2014-08-28,15.334583333333333
2014-08-29,17.325416666666666
2014-08-30,17.22256944444445
2014-08-31,14.89097222222223
2014-09-01,14.571666666666667
2014-09-02,14.713194444444447
2014-09-03,14.016041666666668
2014-09-04,14.618819444444451
2014-09-05,18.192777777777785
2014-09-06,19.677708333333328
2014-09-07,17.754097222222228
2014-09-08,18.1663888888889
2014-09-09,15.574097222222223
2014-09-10,13.92784722222222
2014-09-11,13.025694444444447
2014-09-12,13.795347222222231
2014-09-13,15.059930555555544
2014-09-14,15.014097222222214
2014-09-15,17.170416666666668
2014-09-16,18.36409722222223
2014-09-17,17.039999999999992
2014-09-18,16.297847222222217
2014-09-19,18.01965277777778
2014-09-20,16.038263888888892
2014-09-21,13.979722222222229
2014-09-22,10.540486111111106
2014-09-23,11.062430555555553
2014-09-24,8.978349514563108
2014-09-25,14.028222222222224
2014-09-26,13.611180555555556
2014-09-27,15.080208333333339
2014-09-28,13.46451388888889
2014-09-29,17.005347222222216
2014-09-30,17.17111111111111
2014-10-01,16.394999999999996
2014-10-02,15.057777777777769
2014-10-03,13.395138888888889
2014-10-04,12.06909722222222
2014-10-05,11.614583333333334
2014-10-06,11.441874999999998
2014-10-07,13.57555555555556
2014-10-08,15.123541666666666
2014-10-09,19.51888888888889
2014-10-10,15.687083333333327
2014-10-11,14.288194444444441
2014-10-12,13.538541666666665
2014-10-13,15.405416666666667
2014-10-14,14.876736111111107
2014-10-15,13.457430555555549
2014-10-16,12.890833333333333
2014-10-17,12.957777777777775
2014-10-18,12.139861111111113
2014-10-19,15.941458333333328
2014-10-20,14.622499999999995
2014-10-21,10.635208333333342
2014-10-22,7.245
2014-10-23,8.839375
2014-10-24,9.285486111111116
2014-10-25,8.412708333333333
2014-10-26,10.805833333333329
2014-10-27,8.883125000000007
2014-10-28,6.010138888888888
2014-10-29,5.290277777777779
2014-10-30,7.793124999999999
2014-10-31,12.046736111111107
2014-11-01,12.645555555555555
2014-11-02,11.173541666666669
2014-11-03,13.650416666666668
2014-11-04,10.655694444444451
2014-11-05,8.897430555555554
2014-11-06,7.853541666666668
2014-11-07,4.425486111111112
2014-11-08,7.892291666666665
2014-11-09,4.009513888888888
2014-11-10,5.668333333333333
2014-11-11,5.961805555555556
2014-11-12,5.534374999999998
2014-11-13,7.968055555555555
2014-11-14,9.823055555555555
2014-11-15,8.602430555555555
2014-11-16,7.38763888888889
2014-11-17,6.184236111111108
2014-11-18,6.940833333333336
2014-11-19,4.410833333333333
2014-11-20,4.562291666666664
2014-11-21,4.801666666666664
2014-11-22,4.527083333333333
2014-11-23,6.009652777777782
2014-11-24,6.605486111111109
2014-11-25,0.88
2014-11-26,0.5603472222222223
2014-11-27,1.9365972222222219
2014-11-28,1.8046527777777774
2014-11-29,1.7109027777777783
2014-11-30,1.4647916666666665
2014-12-01,-1.281666666666667
2014-12-02,-2.3659027777777757
2014-12-03,-2.9313194444444437
2014-12-04,-0.959444444444443
2014-12-05,1.4247222222222224
2014-12-06,2.5898611111111096
2014-12-07,2.9112500000000003
2014-12-08,1.992152777777779
2014-12-09,-1.5320833333333326
2014-12-10,1.6184027777777776
2014-12-11,3.4269444444444446
2014-12-12,6.98798611111111
2014-12-13,4.459791666666667
2014-12-14,1.9892361111111114
2014-12-15,4.938472222222223
2014-12-16,5.101597222222222
2014-12-17,2.871527777777779
2014-12-18,9.267152777777778
2014-12-19,10.104861111111118
2014-12-20,4.838680555555558
2014-12-21,5.003819444444444
2014-12-22,8.14493055555556
2014-12-23,10.172569444444447
2014-12-24,7.412986111111113
2014-12-25,3.808333333333333
2014-12-26,0.25666666666666627
2014-12-27,-3.2209027777777774
2014-12-28,-5.687013888888889
2014-12-29,-2.395138888888889
2014-12-30,-1.6730555555555553
2014-12-31,1.8653472222222223
2015-01-01,2.7152777777777777
2015-01-02,3.5831944444444463
2015-01-03,2.4877777777777776
2015-01-04,2.5500000000000003
2015-01-05,2.035486111111113
2015-01-06,0.38215277777777795
2015-01-07,1.907708333333332
2015-01-08,4.316944444444445
2015-01-09,7.184930555555553
2015-01-10,11.282083333333336
2015-01-11,3.0465972222222226
2015-01-12,5.464583333333334
2015-01-13,9.465625000000003
2015-01-14,5.589305555555556
2015-01-15,4.796111111111114
2015-01-16,6.47923611111111
2015-01-17,2.647361111111112
2015-01-18,-0.6072222222222222
2015-01-19,-0.8286111111111117
2015-01-20,0.299583333333333
2015-01-21,-0.7310416666666665
2015-01-22,-1.1435416666666651
2015-01-23,-1.6574999999999998
2015-01-24,-0.7714583333333336
2015-01-25,1.115347222222222
2015-01-26,1.105416666666666
2015-01-27,2.3116666666666656
2015-01-28,2.670833333333333
2015-01-29,1.5251388888888886
2015-01-30,1.1038194444444436
2015-01-31,0.07326388888888863
2015-02-01,-1.0041666666666662
2015-02-02,0.6075694444444442
2015-02-03,0.305347222222222
2015-02-04,-1.7780555555555542
2015-02-05,-2.422638888888889
2015-02-06,-2.98298611111111
2015-02-07,-1.6388194444444444
2015-02-08,0.5988888888888887
2015-02-09,2.863333333333333
2015-02-10,3.975486111111113
2015-02-11,2.8873611111111117
2015-02-12,-1.069583333333333
2015-02-13,0.7266666666666676
2015-02-14,1.1474305555555562
2015-02-15,-0.6547222222222218
2015-02-16,2.620000000000001
2015-02-17,-0.33347222222222217
2015-02-18,1.5708333333333329
2015-02-19,-0.01006944444444446
2015-02-20,3.231874999999999
2015-02-21,4.450624999999999
2015-02-22,0.6690277777777777
2015-02-23,1.3353472222222225
2015-02-24,3.60847222222222
2015-02-25,2.618125000000001
2015-02-26,2.110069444444445
2015-02-27,3.4963194444444436
2015-02-28,2.8093749999999997
2015-03-01,4.378819444444445
2015-03-02,5.3115277777777745
2015-03-03,4.426388888888887
2015-03-04,2.9976388888888903
2015-03-05,3.630972222222223
2015-03-06,4.866458333333334
2015-03-07,5.343680555555558
2015-03-08,9.023055555555556
2015-03-09,5.44826388888889
2015-03-10,4.54597222222222
2015-03-11,4.497847222222223
2015-03-12,2.7815972222222203
2015-03-13,0.8137500000000001
2015-03-14,1.9079166666666663
2015-03-15,3.6813194444444446
2015-03-16,6.575208333333333
2015-03-17,9.000555555555557
2015-03-18,9.161458333333336
2015-03-19,6.294791666666665
2015-03-20,4.469791666666665
2015-03-21,2.583125
2015-03-22,0.13541666666666688
2015-03-23,3.6269444444444456
2015-03-24,4.675694444444443
2015-03-25,8.970208333333337
2015-03-26,7.02715277777778
2015-03-27,6.572916666666669
2015-03-28,7.616458333333331
2015-03-29,9.7025
2015-03-30,5.855208333333335
2015-03-31,6.5559722222222225
2015-04-01,2.676736111111112
2015-04-02,2.288680555555556
2015-04-03,3.966388888888888
2015-04-04,2.314583333333333
2015-04-05,3.6752083333333334
2015-04-06,4.575972222222224
2015-04-07,6.066944444444445
2015-04-08,8.687361111111112
2015-04-09,11.12055555555556
2015-04-10,12.665138888888896
2015-04-11,12.562152777777778
2015-04-12,11.050347222222221
2015-04-13,9.852499999999997
2015-04-14,9.737638888888888
2015-04-15,17.648680555555558
2015-04-16,12.321180555555559
2015-04-17,7.3681250000000045
2015-04-18,6.057708333333336
2015-04-19,7.116180555555557
2015-04-20,10.194236111111117
2015-04-21,13.159166666666664
2015-04-22,6.779791666666668
2015-04-23,8.542291666666669
2015-04-24,12.417361111111111
2015-04-25,13.449513888888891
2015-04-26,13.891527777777776
2015-04-27,10.435347222222218
2015-04-28,7.003263888888887
2015-04-29,8.252638888888889
2015-04-30,9.699791666666663
2015-05-01,9.320069444444442
2015-05-02,9.80972222222222
2015-05-03,11.326180555555565
2015-05-04,17.06944444444446
2015-05-05,19.10694444444445
2015-05-06,15.305277777777771
2015-05-07,12.564305555555555
2015-05-08,13.632916666666663
2015-05-09,15.047361111111096
2015-05-10,13.784930555555555
2015-05-11,15.616180555555552
2015-05-12,19.195138888888888
2015-05-13,14.609930555555552
2015-05-14,11.632777777777777
2015-05-15,11.845208333333332
2015-05-16,12.037569444444442
2015-05-17,12.041458333333331
2015-05-18,14.944999999999993
2015-05-19,14.70909722222222
2015-05-20,10.83166666666667
2015-05-21,11.005277777777774
2015-05-22,11.971736111111106
2015-05-23,13.534791666666667
2015-05-24,14.755347222222229
2015-05-25,13.810416666666661
2015-05-26,10.76923611111111
2015-05-27,10.498819444444447
2015-05-28,12.996736111111117
2015-05-29,14.51090277777778
2015-05-30,11.837152777777773
2015-05-31,13.99256944444444
2015-06-01,13.324652777777779
2015-06-02,17.196111111111104
2015-06-03,19.83513888888889
2015-06-04,17.008472222222213
2015-06-05,22.26805555555556
2015-06-06,24.008055555555547
2015-06-07,16.994513888888886
2015-06-08,13.831249999999997
2015-06-09,12.968194444444437
2015-06-10,15.324652777777775
2015-06-11,16.636736111111112
2015-06-12,20.760347222222222
2015-06-13,21.37236111111112
2015-06-14,19.322708333333345
2015-06-15,14.622361111111108
2015-06-16,13.149375000000003
2015-06-17,14.544999999999995
2015-06-18,14.984166666666672
2015-06-19,11.73083333333333
2015-06-20,12.014583333333327
2015-06-21,12.943611111111117
2015-06-22,13.759652777777777
2015-06-23,10.795763888888883
2015-06-24,13.320208333333333
2015-06-25,16.556805555555556
2015-06-26,18.325763888888883
2015-06-27,17.352291666666666
2015-06-28,17.51
2015-06-29,20.555486111111115
2015-06-30,20.661388888888887
2015-07-01,22.11645833333334
2015-07-02,25.189930555555563
2015-07-03,27.321944444444448
2015-07-04,29.375347222222235
2015-07-05,28.173125000000006
2015-07-06,21.68145833333334
2015-07-07,23.61736111111111
2015-07-08,18.58770833333333
2015-07-09,14.65263888888889
2015-07-10,14.517013888888885
2015-07-11,18.22368055555555
2015-07-12,18.234166666666663
2015-07-13,16.4357638888889
2015-07-14,18.64180555555555
2015-07-15,20.811874999999997
2015-07-16,22.525763888888893
2015-07-17,25.012638888888887
2015-07-18,24.49534722222222
2015-07-19,21.133750000000003
2015-07-20,20.437013888888895
2015-07-21,24.810208333333335
2015-07-22,25.284513888888892
2015-07-23,20.645694444444437
2015-07-24,21.762291666666666
2015-07-25,19.797430555555547
2015-07-26,16.630416666666665
2015-07-27,16.292222222222218
2015-07-28,16.821458333333332
2015-07-29,14.894583333333332
2015-07-30,14.719027777777788
2015-07-31,15.325347222222218
2015-08-01,18.174999999999997
2015-08-02,21.208333333333343
2015-08-03,23.503680555555558
2015-08-04,23.74256944444444
2015-08-05,20.471458333333324
2015-08-06,25.323680555555555
2015-08-07,27.253055555555562
2015-08-08,24.846736111111106
2015-08-09,22.522986111111116
2015-08-10,25.659930555555555
2015-08-11,24.649652777777785
2015-08-12,23.075138888888883
2015-08-13,23.996597222222224
2015-08-14,24.831527777777758
2015-08-15,21.77631944444444
2015-08-16,18.988055555555558
2015-08-17,16.67652777777778
2015-08-18,14.945694444444444
2015-08-19,15.944027777777771
2015-08-20,15.307569444444445
2015-08-21,16.855138888888888
2015-08-22,17.625416666666663
2015-08-23,18.428263888888882
2015-08-24,20.197361111111114
2015-08-25,15.972569444444446
2015-08-26,19.109305555555547
2015-08-27,22.52104166666667
2015-08-28,16.83145833333334
2015-08-29,18.99916666666667
2015-08-30,23.88951388888889
2015-08-31,25.393680555555555
2015-09-01,20.717986111111106
2015-09-02,15.523125000000006
2015-09-03,13.312986111111107
2015-09-04,12.941666666666666
2015-09-05,12.64069444444445
2015-09-06,11.425416666666669
2015-09-07,12.194444444444441
2015-09-08,12.776319444444447
2015-09-09,13.058958333333331
2015-09-10,11.123402777777775
2015-09-11,11.73951388888889
2015-09-12,15.67270833333334
2015-09-13,19.84083333333333
2015-09-14,16.01194444444445
2015-09-15,14.621874999999996
2015-09-16,16.22763888888889
2015-09-17,17.18666666666667
2015-09-18,14.988055555555555
2015-09-19,13.274722222222222
2015-09-20,12.726666666666667
2015-09-21,13.604375000000001
2015-09-22,12.615763888888887
2015-09-23,11.90423611111111
2015-09-24,12.395833333333336
2015-09-25,11.406041666666663
2015-09-26,11.964027777777778
2015-09-27,11.059583333333338
2015-09-28,9.921041666666662
2015-09-29,10.461874999999996
2015-09-30,9.81298611111111
2015-10-01,8.910138888888882
2015-10-02,8.97145833333333
2015-10-03,12.447986111111113
2015-10-04,12.791666666666664
2015-10-05,14.234791666666666
2015-10-06,14.273680555555554
2015-10-07,14.756527777777778
2015-10-08,13.78201388888889
2015-10-09,12.056666666666665
2015-10-10,6.940625000000001
2015-10-11,4.037083333333333
2015-10-12,2.442083333333333
2015-10-13,2.069722222222222
2015-10-14,0.7648611111111112
2015-10-15,3.586180555555557
2015-10-16,6.141250000000001
2015-10-17,6.643055555555556
2015-10-18,6.602569444444443
2015-10-19,5.760416666666664
2015-10-20,7.567847222222222
2015-10-21,7.923402777777778
2015-10-22,8.025902777777778
2015-10-23,9.92048611111111
2015-10-24,6.086041666666668
2015-10-25,9.87701388888889
2015-10-26,9.963194444444444
2015-10-27,7.650972222222227
2015-10-28,6.367638888888887
2015-10-29,6.899583333333333
2015-10-30,9.293263888888891
2015-10-31,8.488680555555554
2015-11-01,9.433263888888886
2015-11-02,5.741458333333336
2015-11-03,4.164305555555556
2015-11-04,7.116041666666667
2015-11-05,10.55319444444444
2015-11-06,11.753263888888897
2015-11-07,15.643541666666664
2015-11-08,14.469652777777775
2015-11-09,15.162013888888886
2015-11-10,15.093194444444443
2015-11-11,13.459166666666667
2015-11-12,11.727916666666665
2015-11-13,10.682986111111113
2015-11-14,6.674652777777776
2015-11-15,10.446041666666664
2015-11-16,10.854861111111106
2015-11-17,12.189930555555554
2015-11-18,13.269305555555558
2015-11-19,11.310416666666665
2015-11-20,6.945416666666667
2015-11-21,3.5536111111111115
2015-11-22,0.839652777777778
2015-11-23,0.27805555555555544
2015-11-24,0.3334027777777777
2015-11-25,2.1616666666666657
2015-11-26,3.000555555555555
2015-11-27,-0.7331944444444446
2015-11-28,0.5976388888888884
2015-11-29,5.917708333333337
2015-11-30,7.654444444444447
2015-12-01,7.4952083333333315
2015-12-02,9.008194444444445
2015-12-03,3.637916666666667
2015-12-04,5.492152777777783
2015-12-05,5.41
2015-12-06,8.231319444444443
2015-12-07,9.84479166666667
2015-12-08,4.3286805555555565
2015-12-09,4.440000000000001
2015-12-10,0.9384722222222217
2015-12-11,3.3758333333333344
2015-12-12,5.555138888888887
2015-12-13,6.543333333333333
2015-12-14,3.2411805555555566
2015-12-15,5.237361111111114
2015-12-16,6.036875000000002
2015-12-17,10.339444444444444
2015-12-18,10.152083333333332
2015-12-19,7.201944444444444
2015-12-20,8.886388888888888
2015-12-21,9.001111111111115
2015-12-22,10.927152777777774
2015-12-23,9.256875000000004
2015-12-24,6.919375000000004
2015-12-25,10.32576388888889
2015-12-26,12.099513888888884
2015-12-27,9.10847222222222
2015-12-28,5.831805555555553
2015-12-29,3.4319444444444454
2015-12-30,1.971527777777779
2015-12-31,0.7229861111111111
2016-01-01,0.24923611111111102
2016-01-02,-0.9754861111111109
2016-01-03,-1.5780555555555558
2016-01-04,-2.08111111111111
2016-01-05,-1.7613194444444449
2016-01-06,-4.460138888888892
2016-01-07,-0.4160416666666662
2016-01-08,3.8952777777777774
2016-01-09,-0.5363194444444451
2016-01-10,3.9297222222222237
2016-01-11,3.675833333333333
2016-01-12,4.371736111111111
2016-01-13,3.1721527777777783
2016-01-14,1.9929861111111111
2016-01-15,0.9261805555555552
2016-01-16,-0.5295833333333331
2016-01-17,-2.1627777777777784
2016-01-18,-4.849513888888886
2016-01-19,-7.853055555555553
2016-01-20,-2.57875
2016-01-21,-3.566111111111111
2016-01-22,-7.666111111111113
2016-01-23,1.5375000000000005
2016-01-24,3.123958333333333
2016-01-25,6.126041666666667
2016-01-26,8.158611111111108
2016-01-27,10.707708333333331
2016-01-28,7.700833333333337
2016-01-29,4.322152777777776
2016-01-30,6.728263888888888
2016-01-31,3.1989583333333327
2016-02-01,10.475555555555554
2016-02-02,10.214722222222225
2016-02-03,3.9370138888888877
2016-02-04,2.6251388888888876
2016-02-05,3.872916666666667
2016-02-06,7.3945833333333315
2016-02-07,6.740416666666669
2016-02-08,7.110694444444442
2016-02-09,7.312986111111114
2016-02-10,3.6041666666666683
2016-02-11,3.742708333333332
2016-02-12,1.9564583333333343
2016-02-13,0.4795138888888887
2016-02-14,5.261180555555552
2016-02-15,3.267708333333333
2016-02-16,-1.3167361111111107
2016-02-17,-1.0062499999999996
2016-02-18,2.237013888888889
2016-02-19,0.5602083333333332
2016-02-20,3.357986111111112
2016-02-21,10.424722222222222
2016-02-22,9.083680555555553
2016-02-23,1.7666666666666666
2016-02-24,1.6258333333333335
2016-02-25,-0.862013888888889
2016-02-26,0.2184722222222223
2016-02-27,0.20555555555555555
2016-02-28,-0.13451388888888843
2016-02-29,-0.3350694444444444
2016-03-01,0.11701388888888917
2016-03-02,3.850000000000003
2016-03-03,2.651319444444444
2016-03-04,2.633611111111112
2016-03-05,5.455624999999999
2016-03-06,3.5513194444444434
2016-03-07,1.8238194444444455
2016-03-08,1.1827083333333337
2016-03-09,1.6479861111111105
2016-03-10,1.0122222222222226
2016-03-11,2.9558333333333344
2016-03-12,1.3851388888888894
2016-03-13,0.803819444444445
2016-03-14,1.6348611111111113
2016-03-15,1.958125
2016-03-16,3.782847222222224
2016-03-17,4.668263888888893
2016-03-18,4.5975
2016-03-19,4.279930555555554
2016-03-20,4.739722222222222
2016-03-21,5.746944444444442
2016-03-22,5.208819444444443
2016-03-23,5.003888888888888
2016-03-24,5.667847222222223
2016-03-25,5.8352083333333296
2016-03-26,7.579930555555559
2016-03-27,7.740555555555555
2016-03-28,8.24986111111111
2016-03-29,7.6521527777777765
2016-03-30,7.641388888888887
2016-03-31,6.132083333333337
2016-04-01,3.510208333333333
2016-04-02,8.202916666666662
2016-04-03,13.248472222222222
2016-04-04,14.62493055555555
2016-04-05,13.988402777777784
2016-04-06,11.621736111111112
2016-04-07,8.700555555555555
2016-04-08,8.012222222222217
2016-04-09,7.759305555555549
2016-04-10,6.910833333333334
2016-04-11,7.588888888888885
2016-04-12,9.739444444444441
2016-04-13,10.188124999999998
2016-04-14,9.961944444444446
2016-04-15,8.947916666666664
2016-04-16,11.216319444444444
2016-04-17,7.767083333333334
2016-04-18,7.171041666666664
2016-04-19,8.260972222222227
2016-04-20,7.5890972222222235
2016-04-21,9.37125
2016-04-22,8.832569444444443
2016-04-23,4.913819444444444
2016-04-24,3.4403472222222233
2016-04-25,4.016597222222222
2016-04-26,4.157916666666665
2016-04-27,4.107569444444446
2016-04-28,5.297638888888888
2016-04-29,6.999861111111112
2016-04-30,10.087916666666667
2016-05-01,10.81645833333333
2016-05-02,11.291458333333333
2016-05-03,9.757083333333332
2016-05-04,8.66993055555556
2016-05-05,12.813333333333338
2016-05-06,16.50354166666666
2016-05-07,17.52916666666667
2016-05-08,17.23909722222222
2016-05-09,17.624027777777773
2016-05-10,18.210902777777775
2016-05-11,17.22743055555556
2016-05-12,16.6875
2016-05-13,15.602708333333327
2016-05-14,9.708333333333336
2016-05-15,6.979652777777777
2016-05-16,8.222708333333333
2016-05-17,9.875277777777779
2016-05-18,13.450763888888888
2016-05-19,13.017986111111108
2016-05-20,15.227638888888897
2016-05-21,17.660347222222228
2016-05-22,20.978541666666665
2016-05-23,14.89777777777778
2016-05-24,11.66729166666666
2016-05-25,12.659166666666671
2016-05-26,15.305416666666664
2016-05-27,13.962916666666672
2016-05-28,17.546111111111102
2016-05-29,18.77833333333333
2016-05-30,18.089305555555555
2016-05-31,17.753680555555555
2016-06-01,17.262500000000006
2016-06-02,15.891458333333329
2016-06-03,16.44916666666666
2016-06-04,18.39861111111111
2016-06-05,19.661875000000002
2016-06-06,19.457847222222224
2016-06-07,19.32069444444445
2016-06-08,18.460763888888877
2016-06-09,15.30840277777778
2016-06-10,16.29423611111111
2016-06-11,16.051319444444434
2016-06-12,16.083958333333335
2016-06-13,16.078958333333336
2016-06-14,16.039236111111116
2016-06-15,15.674444444444454
2016-06-16,14.976319444444435
2016-06-17,15.188125000000005
2016-06-18,15.675694444444446
2016-06-19,15.07326388888889
2016-06-20,17.147499999999994
2016-06-21,18.6075
2016-06-22,21.21277777777777
2016-06-23,25.61076388888888
2016-06-24,26.227361111111108
2016-06-25,22.1136111111111
2016-06-26,18.03881944444444
2016-06-27,17.28881944444445
2016-06-28,17.222361111111113
2016-06-29,19.646111111111107
2016-06-30,18.80861111111111
2016-07-01,21.241319444444454
2016-07-02,17.016041666666673
2016-07-03,13.943750000000003
2016-07-04,15.868888888888891
2016-07-05,19.419236111111108
2016-07-06,15.70680555555556
2016-07-07,16.671180555555562
2016-07-08,20.306736111111107
2016-07-09,20.046875000000004
2016-07-10,23.408263888888886
2016-07-11,24.716041666666673
2016-07-12,20.098125
2016-07-13,16.48166666666667
2016-07-14,14.15256944444445
2016-07-15,14.209097222222224
2016-07-16,17.38534722222222
2016-07-17,19.536388888888883
2016-07-18,21.411388888888883
2016-07-19,22.309722222222216
2016-07-20,24.023125000000004
2016-07-21,19.705555555555563
2016-07-22,22.117013888888902
2016-07-23,20.23333333333334
2016-07-24,22.487847222222214
2016-07-25,22.990416666666658
2016-07-26,21.515138888888888
2016-07-27,20.757708333333348
2016-07-28,20.681527777777788
2016-07-29,19.333819444444444
2016-07-30,20.673402777777778
2016-07-31,19.30743055555556
2016-08-01,17.215624999999992
2016-08-02,15.450972222222223
2016-08-03,18.195416666666667
2016-08-04,19.76736111111111
2016-08-05,17.190972222222225
2016-08-06,17.733194444444436
2016-08-07,19.423888888888882
2016-08-08,21.029027777777785
2016-08-09,16.768194444444443
2016-08-10,12.49402777777777
2016-08-11,12.630277777777774
2016-08-12,14.783680555555552
2016-08-13,20.829652777777785
2016-08-14,19.05486111111111
2016-08-15,17.035763888888884
2016-08-16,16.549861111111106
2016-08-17,14.514444444444441
2016-08-18,15.919513888888893
2016-08-19,18.762916666666662
2016-08-20,19.73576388888889
2016-08-21,17.305694444444445
2016-08-22,18.07069444444443
2016-08-23,21.68354166666667
2016-08-24,22.993680555555564
2016-08-25,24.16916666666667
2016-08-26,25.83118055555556
2016-08-27,24.737847222222232
2016-08-28,24.51590277777779
2016-08-29,20.705624999999994
2016-08-30,16.950208333333332
2016-08-31,18.280138888888885
2016-09-01,19.438611111111108
2016-09-02,19.555555555555557
2016-09-03,20.574097222222218
2016-09-04,17.672013888888888
2016-09-05,15.964374999999993
2016-09-06,17.27576388888888
2016-09-07,17.752013888888893
2016-09-08,20.846041666666665
2016-09-09,20.903888888888893
2016-09-10,20.802777777777774
2016-09-11,21.473124999999996
2016-09-12,23.207986111111097
2016-09-13,23.365763888888893
2016-09-14,22.299861111111102
2016-09-15,21.403888888888897
2016-09-16,18.19944444444444
2016-09-17,15.021319444444451
2016-09-18,14.272569444444441
2016-09-19,12.984513888888891
2016-09-20,12.93576388888889
2016-09-21,11.471805555555553
2016-09-22,12.612361111111106
2016-09-23,14.697638888888886
2016-09-24,14.227500000000001
2016-09-25,14.567916666666669
2016-09-26,13.911458333333336
2016-09-27,15.679375000000002
2016-09-28,15.981527777777782
2016-09-29,18.990624999999998
2016-09-30,14.290277777777773
2016-10-01,13.099652777777779
2016-10-02,13.239861111111118
2016-10-03,10.732361111111116
2016-10-04,10.834513888888889
2016-10-05,7.198541666666666
2016-10-06,8.031458333333335
2016-10-07,8.648472222222225
2016-10-08,7.9277083333333325
2016-10-09,7.852291666666669
2016-10-10,6.847083333333333
2016-10-11,6.4746527777777745
2016-10-12,6.033263888888887
2016-10-13,6.79222222222222
2016-10-14,8.205486111111108
2016-10-15,10.493472222222223
2016-10-16,12.121736111111108
2016-10-17,10.549791666666662
2016-10-18,11.725555555555557
2016-10-19,8.755277777777776
2016-10-20,6.474791666666667
2016-10-21,5.9977777777777765
2016-10-22,5.770555555555553
2016-10-23,6.49145833333333
2016-10-24,7.52847222222222
2016-10-25,8.068750000000003
2016-10-26,11.984029850746266
2016-10-27,11.984029850746266
2016-10-28,11.984029850746266
2016-10-29,9.893888888888888
2016-10-30,8.42173611111111
2016-10-31,7.3871527777777795
2016-11-01,7.841041666666667
2016-11-02,6.491944444444447
2016-11-03,4.27
2016-11-04,4.451319444444445
2016-11-05,6.606597222222224
2016-11-06,4.6172222222222175
2016-11-07,2.213402777777777
2016-11-08,1.9390972222222222
2016-11-09,0.7992361111111116
2016-11-10,1.5914583333333328
2016-11-11,1.1643055555555557
2016-11-12,-0.3682638888888887
2016-11-13,-0.17472222222222214
2016-11-14,-1.5300000000000011
2016-11-15,1.3804861111111109
2016-11-16,6.193402777777775
2016-11-17,10.219166666666668
2016-11-18,10.243333333333332
2016-11-19,5.85222222222222
2016-11-20,7.887916666666663
2016-11-21,9.419513888888885
2016-11-22,9.846944444444441
2016-11-23,6.550694444444444
2016-11-24,5.714097222222222
2016-11-25,2.9506944444444447
2016-11-26,0.8992361111111111
2016-11-27,2.841527777777777
2016-11-28,-0.7025000000000001
2016-11-29,-3.5160416666666663
2016-11-30,-1.0387499999999994
2016-12-01,4.989861111111112
2016-12-02,3.481944444444443
2016-12-03,-2.395138888888889
2016-12-04,-4.093125
2016-12-05,-3.833819444444445
2016-12-06,-4.511805555555558
2016-12-07,-3.1797916666666675
2016-12-08,3.558402777777779
2016-12-09,5.816458333333332
2016-12-10,7.090347222222222
2016-12-11,6.730694444444442
2016-12-12,5.470694444444443
2016-12-13,3.7509722222222215
2016-12-14,4.696458333333332
2016-12-15,2.885972222222224
2016-12-16,0.15368055555555565
2016-12-17,-1.2421527777777779
2016-12-18,2.805833333333334
2016-12-19,2.494305555555555
2016-12-20,-0.6174305555555557
2016-12-21,-1.6655555555555566
2016-12-22,-0.007361111111111036
2016-12-23,1.245069444444444
2016-12-24,4.539513888888887
2016-12-25,7.79861111111111
2016-12-26,7.527430555555556
2016-12-27,5.245625
2016-12-28,4.887152777777775
2016-12-29,2.676250000000002
2016-12-30,-1.7065972222222223
2016-12-31,-2.4924999999999984
2017-01-01,-4.82
